x,y,z,vx,vy,vz,svx,svy,svz,ox,oy,oz
0.180785,-0.0198207,-0.00924867,17.6308,-1.93299,-0.901965,-0.153923,0.121372,0.0462433,-4.96106,32.2454,6000
0.180768,-0.0198074,-0.00923047,-0.0017334,0.00136261,0.00186396,-0.153838,0.121305,0.0461523,0.835088,-9.6175,5210.12
0.180739,-0.0198384,-0.00920561,-0.00276983,-0.00302397,0.0024237,-0.153696,0.12146,0.0460281,-0.286199,0.346844,5287.79
0.180783,-0.0198323,-0.00921928,0.00448151,0.00063324,-0.00139942,-0.153915,0.121429,0.0460964,-0.272944,0.368047,5296.37
0.180771,-0.0198341,-0.00920243,-0.00116403,-0.000181834,0.00164314,-0.153855,0.121438,0.0460122,-0.277709,0.348458,5288.97
0.18077,-0.0198457,-0.00919472,-7.47681e-05,-0.00118885,0.000790119,-0.153852,0.121496,0.0459736,-0.280192,0.354423,5291.27
0.18079,-0.0198252,-0.00919389,0.00200958,0.00209885,8.47816e-05,-0.15395,0.121394,0.0459694,-0.269965,0.359932,5292.67
0.180806,-0.0198455,-0.00923538,0.00158546,-0.00197274,-0.00404658,-0.154031,0.121495,0.0461769,-0.283065,0.357169,5301.96
0.180749,-0.0198456,-0.00919615,-0.00587921,-1.44958e-05,0.00401735,-0.153744,0.121496,0.0459807,-0.276334,0.336681,5283.35
0.18076,-0.0197887,-0.00918117,0.00111316,0.00554584,0.00146121,-0.153801,0.121212,0.0459058,-0.260711,0.360341,5290.14
0.18078,-0.0197865,-0.00914328,0.00207367,0.000232697,0.00387955,-0.153902,0.1212,0.0457164,-0.279142,0.360064,5284.11
0.180809,-0.0197298,-0.0091295,0.00279018,0.00552332,0.00134423,-0.154045,0.120917,0.0456475,-0.260298,0.361526,5289.9
0.180726,-0.0197452,-0.00900867,-0.00847626,-0.00157242,0.0123722,-0.153631,0.120994,0.0450434,-0.284941,0.329651,5264.28
0.18075,-0.0196795,-0.00895386,0.00227429,0.00640252,0.00534566,-0.153748,0.120666,0.0447693,-0.256774,0.365652,5280.86
0.18073,-0.0196947,-0.00887783,-0.00205383,-0.00154743,0.00778532,-0.153648,0.120741,0.0443892,-0.284326,0.347856,5273.68
0.180705,-0.0195834,-0.00876774,-0.00243559,0.0108492,0.0107363,-0.153523,0.120185,0.0438387,-0.243794,0.3494,5266.59
0.180793,-0.0196683,-0.00858565,0.00909119,-0.00868969,0.0186462,-0.153967,0.120609,0.0429283,-0.308515,0.385073,5248.08
0.180841,-0.0196278,-0.00836934,0.00465756,0.00394422,0.0210953,-0.154206,0.120407,0.0418467,-0.26142,0.366998,5241.92
0.18087,-0.0195795,-0.00804459,0.00297241,0.004953,0.033255,-0.154351,0.120165,0.0402229,-0.266205,0.366923,5212.6
0.180905,-0.0194918,-0.00761627,0.00337873,0.00854383,0.041771,-0.154524,0.119727,0.0380813,-0.256492,0.370947,5191.89
0.180973,-0.0192812,-0.00709486,0.00696411,0.02157,0.0533919,-0.154864,0.118674,0.0354743,-0.219325,0.384145,5162.73
0.181083,-0.0190641,-0.0064525,0.0107553,0.0211696,0.0626457,-0.155415,0.117588,0.0322625,-0.226458,0.396308,5138.19
0.1812,-0.0188358,-0.00554774,0.0120041,0.0233765,0.0926475,-0.156002,0.116447,0.0277387,-0.220222,0.405076,5065.28
0.181228,-0.0188199,-0.00447162,0.00274222,0.00155839,0.104947,-0.156142,0.116367,0.0223581,-0.287663,0.379777,5032.88
0.181281,-0.0188525,-0.00329283,0.00534973,-0.00334606,0.120708,-0.156403,0.116531,0.0164642,-0.293267,0.396891,4988.72
0.181411,-0.0187296,-0.00183591,0.0126662,0.0119887,0.142084,-0.157053,0.115916,0.00917957,-0.245781,0.423879,4930.37
0.181575,-0.0184571,-0.000426828,0.0168365,0.027907,0.14429,-0.157875,0.114553,0.00213414,-0.203018,0.435934,4914.84
0.181763,-0.018209,0.0013831,0.0183672,0.0241924,0.176512,-0.158817,0.113313,-0.00691552,-0.224832,0.448457,4827.14
0.181977,-0.0178129,0.00318958,0.0218582,0.0405666,0.184983,-0.159884,0.111332,-0.0159479,-0.167594,0.464226,4795.71
0.182186,-0.0172433,0.0052699,0.0204526,0.0555425,0.20288,-0.160932,0.108484,-0.0263495,-0.12525,0.466047,4737.39
0.182385,-0.0168062,0.00736666,0.020314,0.0447611,0.214709,-0.161924,0.106299,-0.0368333,-0.164463,0.473387,4693.43
0.182589,-0.0163122,0.00960897,0.0209488,0.0505911,0.229612,-0.162947,0.103829,-0.0480448,-0.134147,0.483647,4640.42
0.182751,-0.0158836,0.012008,0.0157631,0.0417898,0.233959,-0.163755,0.101686,-0.0600398,-0.16177,0.471814,4609.37
0.183006,-0.0153851,0.0144388,0.0260574,0.0510475,0.248915,-0.165028,0.0991935,-0.0721939,-0.121069,0.518407,4553.06
0.183103,-0.0149632,0.0169104,0.00949533,0.0411516,0.24104,-0.165515,0.0970837,-0.0845519,-0.15419,0.459182,4547.76
0.183337,-0.014687,0.019533,0.0239456,0.0282757,0.268558,-0.166684,0.095703,-0.0976651,-0.190936,0.530726,4460.23
0.183482,-0.0143536,0.0221672,0.0141761,0.0325172,0.256895,-0.167411,0.0940359,-0.110836,-0.16362,0.490067,4463.61
0.183746,-0.0139944,0.0248008,0.0270676,0.036781,0.26968,-0.168732,0.0922399,-0.124004,-0.14889,0.550366,4407.4
0.184009,-0.0136926,0.0273474,0.0255781,0.0294335,0.248355,-0.170044,0.0907309,-0.136737,-0.171697,0.537582,4430.15
0.184212,-0.0135339,0.0299517,0.0207672,0.0162528,0.266677,-0.171058,0.0899373,-0.149758,-0.213233,0.533288,4360.59
0.184465,-0.013242,0.0324723,0.0247076,0.0284684,0.245819,-0.172324,0.0884777,-0.162361,-0.157584,0.550709,4383.52
0.184777,-0.0130933,0.0350001,0.0319855,0.0152245,0.258847,-0.173886,0.0877343,-0.175,-0.21177,0.585257,4326.34
0.184964,-0.0128411,0.0372396,0.0182597,0.0245965,0.218402,-0.174822,0.0864733,-0.186198,-0.164305,0.527282,4393.62
0.185223,-0.0126246,0.0396737,0.0264725,0.0221742,0.249254,-0.176115,0.0853906,-0.198368,-0.179666,0.580831,4295.42
0.185563,-0.0123771,0.0417251,0.0332002,0.0241335,0.200059,-0.177817,0.0841533,-0.208625,-0.164245,0.590948,4386.63
0.185751,-0.0122502,0.0437381,0.0191879,0.0129921,0.206139,-0.178754,0.0835189,-0.218691,-0.204081,0.546183,4345.11
0.186047,-0.0121087,0.0456261,0.0289045,0.0137987,0.184125,-0.180236,0.0828114,-0.228131,-0.190537,0.589253,4374.83
0.186393,-0.0120869,0.0472766,0.0353699,0.00223188,0.169011,-0.181963,0.0827024,-0.236383,-0.230062,0.608419,4387.52
0.186712,-0.0120599,0.048785,0.0311163,0.00263904,0.147105,-0.183558,0.0825671,-0.243925,-0.219105,0.590026,4417.18
0.187036,-0.0120651,0.0500478,0.0332047,-0.000540066,0.129305,-0.18518,0.0825935,-0.250239,-0.229169,0.601279,4439.61
0.187438,-0.0121001,0.0510516,0.0392165,-0.0034137,0.0978971,-0.18719,0.0827685,-0.255258,-0.234358,0.618035,4494.53
0.188009,-0.0123044,0.0518239,0.0584305,-0.020918,0.0790875,-0.190043,0.0837899,-0.25912,-0.292367,0.682329,4522.62
0.188476,-0.0124983,0.0523569,0.0455613,-0.0189032,0.0519776,-0.192379,0.0847591,-0.261785,-0.273907,0.626603,4572.71
0.189076,-0.0127984,0.0527357,0.0614929,-0.0307335,0.0387917,-0.195382,0.0862597,-0.263679,-0.316802,0.691975,4593.2
0.189699,-0.0131496,0.0527265,0.06073,-0.0342544,-0.000902812,-0.198495,0.0880159,-0.263632,-0.319522,0.675212,4677.02
0.190411,-0.0136432,0.052474,0.0728516,-0.0505371,-0.0258583,-0.202053,0.0904836,-0.26237,-0.372405,0.716322,4727.45
0.19123,-0.0141619,0.0519529,0.0839645,-0.053118,-0.0533558,-0.206152,0.0930772,-0.259765,-0.372402,0.745241,4788.25
0.192051,-0.0147528,0.0512648,0.0799895,-0.0576321,-0.0671052,-0.210253,0.096032,-0.256324,-0.389797,0.731496,4820.21
0.193088,-0.0154495,0.0501686,0.106184,-0.0713354,-0.112252,-0.215438,0.0995152,-0.250843,-0.429356,0.810915,4927.31
0.193981,-0.0161287,0.0489571,0.0871568,-0.0662367,-0.118155,-0.219907,0.102911,-0.244785,-0.412588,0.745896,4944.45
0.19505,-0.0170514,0.047442,0.109389,-0.0944839,-0.155145,-0.225248,0.107525,-0.23721,-0.503445,0.821889,5039.32
0.196223,-0.0179401,0.0456042,0.114453,-0.0866697,-0.179222,-0.231116,0.111968,-0.228021,-0.468458,0.827524,5103.64
0.197465,-0.0189601,0.0436498,0.127187,-0.104451,-0.200137,-0.237326,0.117068,-0.218249,-0.531102,0.866757,5164.94
0.198769,-0.0200549,0.0413742,0.127158,-0.10677,-0.221926,-0.243846,0.122542,-0.206871,-0.533658,0.863594,5231.44
0.200158,-0.0211905,0.0390231,0.142212,-0.116282,-0.240752,-0.250789,0.12822,-0.195115,-0.566413,0.912483,5292.57
0.201618,-0.0224491,0.0362396,0.142401,-0.122749,-0.271455,-0.25809,0.134513,-0.181198,-0.58373,0.905729,5383.89
0.203354,-0.0238824,0.033427,0.177769,-0.146769,-0.288009,-0.26677,0.14168,-0.167135,-0.656669,1.01318,5443.43
0.20506,-0.0252911,0.0304589,0.16638,-0.137381,-0.28946,-0.275301,0.148723,-0.152295,-0.630037,0.976362,5473.45
0.207073,-0.0269168,0.0272682,0.206096,-0.166467,-0.326733,-0.285364,0.156852,-0.136341,-0.718291,1.09145,5586.7
0.208839,-0.0285677,0.0239718,0.172222,-0.16101,-0.321472,-0.294194,0.165107,-0.119859,-0.704281,0.996229,5601.87
0.211076,-0.030439,0.0206363,0.229053,-0.191617,-0.341562,-0.305378,0.174463,-0.103181,-0.798668,1.17408,5680.41
0.213276,-0.0322365,0.0169711,0.214613,-0.1753,-0.357436,-0.316381,0.18345,-0.0848557,-0.749986,1.11679,5748.08
0.21555,-0.0342399,0.0135708,0.232826,-0.205143,-0.348197,-0.327749,0.193467,-0.0678539,-0.855755,1.19313,5759.85
0.217932,-0.036251,0.00989485,0.232346,-0.196137,-0.358491,-0.339662,0.203523,-0.0494742,-0.829475,1.195,5820.65
0.220559,-0.0384211,0.00625518,0.268965,-0.222214,-0.372701,-0.352795,0.214373,-0.0312759,-0.913734,1.30272,5886.89
0.223207,-0.0407792,0.00271799,0.258288,-0.229968,-0.344961,-0.366037,0.226164,-0.0135899,-0.949014,1.29042,5859.87
0.225927,-0.042983,-0.000793249,0.278514,-0.22567,-0.359551,-0.379636,0.237183,0.00396625,-0.945439,1.3591,5931.58
0.2289,-0.0453103,-0.00341327,0.289898,-0.226968,-0.255515,-0.394499,0.248819,0.0170664,-1.00893,1.45763,5730.05
0.232004,-0.0478821,-0.00391713,0.317813,-0.263355,-0.051595,-0.410018,0.261678,0.0195857,-1.22155,1.68206,5308.64
0.234884,-0.0502497,-0.00402603,0.280885,-0.230897,-0.0106208,-0.424418,0.273516,0.0201302,-1.14829,1.61162,5254.96
0.236073,-0.0517204,-0.00403103,0.121747,-0.150597,-0.000511217,-0.430363,0.28087,0.0201551,-0.954073,1.19121,5238.32
0.237267,-0.0528293,-0.00387732,0.122305,-0.113553,0.0157399,-0.436335,0.286414,0.0193866,-0.911164,1.30454,5203.26
0.237504,-0.0537064,-0.00336363,0.0231265,-0.085535,0.0500964,-0.437521,0.2908,0.0168182,-0.874498,1.03716,5125.76
0.237795,-0.0546332,-0.00299943,0.0297989,-0.0949055,0.0372943,-0.438976,0.295434,0.0149972,-0.923032,1.10793,5155.71
0.238598,-0.0556875,-0.00277934,0.0783197,-0.102826,0.0214646,-0.442991,0.300705,0.0138967,-0.947641,1.24719,5185.98
0.239211,-0.0568583,-0.00223025,0.0627609,-0.119889,0.0562268,-0.446056,0.306559,0.0111512,-1.02329,1.20232,5102.23
0.23958,-0.0579353,-0.0013316,0.0359977,-0.105025,0.087639,-0.447901,0.311944,0.00665802,-0.996562,1.15336,5030.78
0.240151,-0.0593418,-0.000679312,0.0584915,-0.144035,0.0667946,-0.450757,0.318977,0.00339656,-1.12912,1.23185,5075.05
0.241004,-0.0611004,-0.000310793,0.0831502,-0.171505,0.0359394,-0.45502,0.32777,0.00155396,-1.19455,1.28658,5135
0.242027,-0.0629888,0.000555627,0.104767,-0.193372,0.0887214,-0.460136,0.337212,-0.00277814,-1.29879,1.38339,5006.75
0.242966,-0.0650572,0.00143513,0.091592,-0.20172,0.0857722,-0.464832,0.347554,-0.00717564,-1.33419,1.341,5013.21
0.244362,-0.0674051,0.00213766,0.142918,-0.240421,0.0719398,-0.47181,0.359293,-0.0106883,-1.46802,1.51283,5036.46
0.245859,-0.0700034,0.00279568,0.145961,-0.253396,0.0641719,-0.479294,0.372285,-0.0139784,-1.51287,1.50758,5044.45
0.247631,-0.0729361,0.00338951,0.181493,-0.300305,0.0608081,-0.488156,0.386948,-0.0169475,-1.68144,1.63322,5045.26
0.24963,-0.0761013,0.00407891,0.194908,-0.308679,0.0672336,-0.498148,0.402774,-0.0203946,-1.72431,1.68341,5024.04
0.251999,-0.0795447,0.00463436,0.242662,-0.352605,0.0568779,-0.509997,0.419991,-0.0231718,-1.88663,1.84103,5042.92
0.254635,-0.0831364,0.00520788,0.257048,-0.350279,0.0559321,-0.523176,0.43795,-0.0260394,-1.89932,1.88956,5037.61
0.257537,-0.0868955,0.0057965,0.29718,-0.384934,0.0602743,-0.537687,0.456745,-0.0289825,-2.05624,2.04254,5022.99
0.260606,-0.0907671,0.00628737,0.299296,-0.377575,0.0478718,-0.553031,0.476103,-0.0314369,-2.05139,2.05308,5045.73
0.263742,-0.0947471,0.00685992,0.321048,-0.407551,0.0586286,-0.568708,0.496003,-0.0342996,-2.20677,2.16746,5015.38
0.267103,-0.0986652,0.00736501,0.327855,-0.382108,0.0492582,-0.585517,0.515594,-0.036825,-2.1532,2.20817,5032.41
0.270465,-0.102798,0.00794127,0.344202,-0.42317,0.0590098,-0.602323,0.536256,-0.0397064,-2.35388,2.3062,5004.84
0.273869,-0.106937,0.00868852,0.332011,-0.403697,0.0728741,-0.619345,0.556954,-0.0434426,-2.33835,2.31802,4968.81
0.277248,-0.111118,0.00948691,0.346045,-0.428146,0.0817551,-0.636242,0.577859,-0.0474345,-2.48738,2.42027,4944.52
0.280621,-0.115284,0.0103942,0.328886,-0.406298,0.0884819,-0.653104,0.59869,-0.051971,-2.46873,2.41222,4922.15
0.283966,-0.119676,0.0115914,0.342554,-0.449664,0.122596,-0.66983,0.620646,-0.0579571,-2.71564,2.54804,4838.18
0.287144,-0.124003,0.0126523,0.325452,-0.443134,0.108632,-0.685721,0.642284,-0.0632614,-2.70868,2.51293,4863.55
0.290321,-0.128323,0.0138545,0.309849,-0.421302,0.117241,-0.701607,0.663884,-0.0692723,-2.71768,2.532,4830.44
0.293465,-0.132723,0.0152052,0.321912,-0.450584,0.138315,-0.717326,0.685885,-0.0760259,-2.91241,2.64899,4773.44
0.2966,-0.137228,0.0167535,0.305748,-0.439346,0.150996,-0.733001,0.70841,-0.0837674,-2.94062,2.65256,4733.93
0.299699,-0.141612,0.0183171,0.317273,-0.448912,0.160118,-0.748493,0.730329,-0.0915857,-3.0558,2.75731,4701.18
0.302774,-0.145985,0.0200019,0.299895,-0.426426,0.164303,-0.763868,0.752192,-0.100009,-3.05036,2.74884,4676.53
0.305907,-0.150331,0.0217939,0.320816,-0.445027,0.183506,-0.779533,0.773922,-0.10897,-3.22142,2.90292,4618.55
0.308938,-0.154777,0.0236445,0.295625,-0.43363,0.180474,-0.79469,0.796154,-0.118222,-3.23697,2.85327,4609.56
0.312152,-0.15914,0.025622,0.329132,-0.446747,0.202498,-0.810761,0.817968,-0.12811,-3.39524,3.06465,4542.58
0.315255,-0.16346,0.0276192,0.302624,-0.42132,0.194776,-0.826276,0.839569,-0.138096,-3.36002,2.99725,4542.46
0.318416,-0.167697,0.0297872,0.323636,-0.433841,0.222003,-0.842079,0.860752,-0.148936,-3.53868,3.18179,4461.44
0.321468,-0.171858,0.0319481,0.29768,-0.405785,0.21074,-0.857341,0.881557,-0.159741,-3.48682,3.11783,4468.17
0.324384,-0.175956,0.0341031,0.298624,-0.41963,0.220671,-0.871922,0.902047,-0.170516,-3.644,3.20801,4423.99
0.327377,-0.180093,0.0363349,0.291893,-0.40353,0.217651,-0.886887,0.922735,-0.181675,-3.64885,3.236,4409.79
0.330135,-0.183946,0.0386035,0.282349,-0.394528,0.232303,-0.900674,0.941999,-0.193017,-3.72811,3.28612,4354.91
0.332727,-0.187931,0.0408856,0.252796,-0.388557,0.222559,-0.913634,0.96192,-0.204428,-3.76838,3.22659,4355.43
0.335271,-0.191877,0.0431346,0.260562,-0.404106,0.230297,-0.926357,0.981652,-0.215673,-3.91859,3.33804,4315.4
0.337605,-0.195714,0.0454385,0.227574,-0.374161,0.224686,-0.938025,1.00084,-0.227193,-3.86641,3.25932,4304.95
0.340017,-0.199624,0.0476464,0.246985,-0.400385,0.226085,-0.950084,1.02039,-0.238232,-4.05838,3.40161,4280.21
0.342209,-0.203483,0.0499439,0.213789,-0.376382,0.224068,-0.961045,1.03968,-0.24972,-4.02822,3.31844,4261
0.344449,-0.207298,0.0523241,0.229361,-0.390704,0.243727,-0.972245,1.05876,-0.26162,-4.21631,3.48026,4195.24
0.346682,-0.211068,0.0547153,0.217785,-0.36761,0.233199,-0.98341,1.07761,-0.273576,-4.17624,3.45923,4196.93
0.348761,-0.21482,0.0569542,0.212842,-0.384201,0.229268,-0.993803,1.09637,-0.284771,-4.32204,3.49101,4182.02
0.350848,-0.218513,0.0592015,0.203541,-0.360224,0.219164,-1.00424,1.11484,-0.296008,-4.27961,3.49317,4180.3
0.35282,-0.222183,0.0613152,0.201944,-0.375761,0.216444,-1.0141,1.13318,-0.306576,-4.42342,3.53534,4164.11
0.354579,-0.225644,0.0634501,0.180154,-0.354445,0.218612,-1.0229,1.15049,-0.317251,-4.41379,3.50609,4137
0.356207,-0.229082,0.0655464,0.158715,-0.33525,0.204441,-1.03103,1.16768,-0.327732,-4.39914,3.46001,4146.64
0.357906,-0.232446,0.0675625,0.174066,-0.344423,0.206448,-1.03953,1.1845,-0.337813,-4.52491,3.57713,4120.65
0.359305,-0.23572,0.0695001,0.13644,-0.319358,0.188963,-1.04653,1.20087,-0.347501,-4.45469,3.43598,4138.34
0.360621,-0.238872,0.0712902,0.134702,-0.322722,0.1833,-1.0531,1.21663,-0.356451,-4.53988,3.48078,4130.33
0.361868,-0.241955,0.0730235,0.121576,-0.300684,0.169035,-1.05934,1.23204,-0.365117,-4.4893,3.44321,4142.32
0.36309,-0.245008,0.0747251,0.125162,-0.312631,0.174244,-1.06545,1.24731,2.12637,-1.9902,1.51793,6000
0.364101,-0.247917,0.0763034,0.0985776,-0.283704,0.153925,-1.0705,1.26185,2.11848,-2.04382,1.54517,6000
0.365196,-0.25079,0.0777898,0.112173,-0.29417,0.152204,-1.07598,1.27622,2.11105,-2.09223,1.58536,6000
0.366009,-0.253563,0.0791852,0.0792701,-0.270499,0.136087,-1.08004,1.29009,2.10407,-2.06352,1.52895,6000
0.366765,-0.2562,0.0804277,0.0774139,-0.270029,0.127235,-1.08382,1.30327,2.09786,-2.08636,1.54012,6000
0.36755,-0.258819,0.0817857,0.0765555,-0.255394,0.132442,-1.08775,1.31636,2.09107,-2.08578,1.54892,6000
0.368188,-0.261215,0.0829529,0.0653381,-0.245312,0.119518,-1.09094,1.32834,2.08524,-2.08536,1.53189,6000
0.368719,-0.26366,0.0842448,0.0517956,-0.238482,0.12599,-1.0936,1.34057,2.07878,-2.10017,1.52163,6000
0.369054,-0.26596,0.0855549,0.0343475,-0.235464,0.134155,-1.09527,1.35207,2.07223,-2.11934,1.50396,6000
0.369441,-0.268108,0.0870039,0.0376819,-0.209467,0.141313,-1.0972,1.36281,2.06498,-2.0983,1.52246,6000
0.369544,-0.270089,0.088472,0.0105896,-0.202866,0.15033,-1.09772,1.37271,2.05764,-2.11616,1.48233,6000
0.369587,-0.272087,0.0901323,0.00414748,-0.194839,0.161918,-1.09793,1.3827,2.04934,-2.12778,1.48733,6000
0.369473,-0.273734,0.0918238,-0.0116882,-0.168665,0.173209,-1.09736,1.39094,2.04088,-2.10654,1.46847,6000
0.369279,-0.275402,0.0938279,-0.018854,-0.162737,0.195451,-1.0964,1.39928,2.03086,-2.13224,1.47124,6000
0.3689,-0.276846,0.0959567,-0.038858,-0.147839,0.217989,-1.0945,1.4065,2.02022,-2.13456,1.44779,6000
0.368513,-0.278299,0.0983612,-0.0376936,-0.141666,0.234496,-1.09257,1.41376,2.00819,-2.15264,1.46305,6000
0.367945,-0.279588,0.100903,-0.0582214,-0.132062,0.260317,-1.08972,1.42021,1.99548,-2.1664,1.43632,6000
0.367342,-0.280741,0.103745,-0.0587943,-0.112438,0.277131,-1.08671,1.42597,1.98127,-2.15885,1.44821,6000
0.36664,-0.281795,0.106719,-0.0719208,-0.107883,0.304577,-1.0832,1.43124,1.9664,-2.18658,1.43491,6000
0.365837,-0.282764,0.109997,-0.0822052,-0.099231,0.335654,-1.07918,1.43609,1.95001,-2.20441,1.43162,6000
0.364956,-0.283665,0.11345,-0.0859113,-0.087879,0.336692,-1.07478,1.44059,1.93275,-2.20193,1.42769,6000
0.363977,-0.284595,0.117171,-0.100256,-0.0952057,0.381057,-1.06988,1.44524,1.91415,-2.26146,1.41862,6000
0.362998,-0.285307,0.12104,-0.0954677,-0.0694871,0.377298,-1.06499,1.4488,1.8948,-2.22373,1.4293,6000
0.361822,-0.285989,0.125121,-0.120416,-0.0698456,0.417902,-1.05911,1.45221,1.8744,-2.27382,1.39536,6000
0.360666,-0.286615,0.129491,-0.11277,-0.061009,0.426153,-1.05333,1.45534,1.85255,-2.27742,1.41945,6000
0.35945,-0.287178,0.133962,-0.124518,-0.0576843,0.457912,-1.04725,1.45816,1.83019,-2.31069,1.40534,6000
0.358137,-0.287686,0.138758,-0.128058,-0.0495053,0.467734,-1.04068,1.4607,1.80621,-2.31901,1.40438,6000
0.356803,-0.288162,0.1437,-0.136514,-0.0487579,0.505983,-1.03402,1.46308,1.7815,-2.36339,1.40255,6000
0.355553,-0.288611,0.148869,-0.121908,-0.0437593,0.504143,-1.02777,1.46532,1.75565,-2.37016,1.43182,6000
0.354207,-0.289092,0.15426,-0.137891,-0.0492432,0.551985,-1.02103,1.46773,1.7287,-2.43642,1.41372,6000
0.352853,-0.28941,0.159676,-0.132016,-0.0310378,0.528224,-1.01427,1.46932,1.70162,-2.39913,1.41985,6000
0.35154,-0.289833,0.165401,-0.134412,-0.043338,0.586203,-1.0077,1.47143,1.673,-2.49555,1.43792,6000
0.350099,-0.290172,0.17113,-0.140613,-0.0330927,0.558764,-1.00049,1.47313,1.64435,-2.46868,1.41236,6000
0.348675,-0.290652,0.177254,-0.145731,-0.0490936,0.627087,-0.993377,1.47553,1.61373,-2.5841,1.43409,6000
0.347298,-0.291026,0.183324,-0.134347,-0.036531,0.591971,-0.98649,1.4774,1.58338,-2.54504,1.44304,6000
0.345799,-0.291272,0.189561,-0.1535,-0.0251831,0.638666,-0.978994,1.47863,1.55219,-2.58916,1.41944,6000
0.344446,-0.291847,0.196041,-0.131891,-0.0559954,0.631967,-0.972232,1.4815,1.51979,-2.68054,1.47044,6000
0.343084,-0.292294,0.202464,-0.139569,-0.0457977,0.657654,-0.965418,1.48374,1.48768,-2.69686,1.45887,6000
0.341745,-0.292713,0.209041,-0.130487,-0.040879,0.641413,-0.958727,1.48583,1.4548,-2.70459,1.47585,6000
0.340497,-0.293217,0.215763,-0.127805,-0.0515747,0.68842,-0.952487,1.48835,1.42118,-2.8052,1.50477,6000
0.339231,-0.293831,0.22252,-0.123512,-0.0599336,0.658902,-0.946155,1.49142,1.3874,-2.823,1.50084,6000
0.338097,-0.294326,0.229362,-0.116138,-0.0506958,0.700613,-0.940484,1.4939,1.35319,-2.87374,1.54331,6000
0.336968,-0.295053,0.236311,-0.110119,-0.0708996,0.677753,-0.934838,1.49753,1.31844,-2.93686,1.54634,6000
0.335952,-0.295765,0.243393,-0.104004,-0.0728333,0.72513,-0.92976,1.50109,1.28304,-3.02189,1.59188,6000
0.334983,-0.296627,0.250539,-0.0991821,-0.0883453,0.731799,-0.924917,1.5054,1.2473,-3.10456,1.61105,6000
0.334126,-0.297452,0.257612,-0.0836501,-0.0804095,0.689816,-0.920628,1.50953,1.21194,-3.07589,1.63222,6000
0.333435,-0.298332,0.264874,-0.0707336,-0.0900909,0.743567,-0.917174,1.51393,1.17563,-3.21187,1.70273,6000
0.332973,-0.299368,0.272132,-0.045012,-0.101054,0.707865,-0.914867,1.51911,1.13934,-3.23727,1.75113,6000
0.3324,-0.300465,0.279421,-0.0586975,-0.112366,0.746402,-0.912001,1.52459,1.10289,-3.36085,1.74618,5935.64
0.331932,-0.301693,0.286854,-0.0456601,-0.119748,0.724883,-0.90966,1.53073,1.06573,-3.39871,1.78736,5915
0.331604,-0.302764,0.29436,-0.0335327,-0.109622,0.768582,-0.908022,1.53609,1.0282,-3.48288,1.8634,5741.82
0.331366,-0.304048,0.301935,-0.0232776,-0.125244,0.738743,-0.906829,1.54251,0.990326,-3.54474,1.88248,5738.74
0.33123,-0.305355,0.309528,-0.013916,-0.133817,0.777585,-0.906149,1.54904,0.952358,-3.67978,1.95671,5574.19
0.331235,-0.306848,0.317059,0.000540597,-0.145673,0.73443,-0.906177,1.55651,0.914704,-3.70702,1.98175,5599.47
0.331196,-0.308341,0.324798,-0.00401001,-0.152887,0.792447,-0.905981,1.56397,0.87601,-3.88308,2.03807,5389.58
0.331339,-0.309919,0.332646,0.0139451,-0.15389,0.765372,-0.906696,1.57186,0.83677,-3.90723,2.0958,5379.99
0.331465,-0.311456,0.340487,0.0128418,-0.157397,0.802887,-0.907323,1.57955,0.797567,-4.05825,2.1501,5216.19
0.331765,-0.313175,0.348484,0.0292736,-0.167565,0.779954,-0.908824,1.58814,0.757579,-4.12468,2.21118,5192.85
0.332204,-0.31499,0.356493,0.0450195,-0.185937,0.820123,-0.911022,1.59722,0.717534,-4.33738,2.32908,5022.78
0.332555,-0.316713,0.364562,0.0342204,-0.168027,0.786888,-0.912777,1.60583,0.67719,-4.29585,2.29336,5020.51
0.333129,-0.318603,0.37263,0.058783,-0.193494,0.826184,-0.915647,1.61528,0.636849,-4.56184,2.46279,4850.55
0.333658,-0.320525,0.380816,0.0515108,-0.187453,0.798325,-0.918288,1.62489,0.595919,-4.56603,2.43988,4835.54
0.334168,-0.322497,0.389079,0.0522553,-0.201929,0.846112,-0.920839,1.63475,0.554605,-4.83105,2.55233,4645.62
0.334821,-0.324523,0.397352,0.0637236,-0.197609,0.806821,-0.924107,1.64488,0.51324,-4.82402,2.59155,4656.19
0.335443,-0.326586,0.405753,0.0636749,-0.211197,0.860281,-0.927216,1.6552,0.471234,-5.12587,2.71128,4450.79
0.336158,-0.328596,0.414157,0.0697167,-0.196091,0.819548,-0.93079,1.66525,0.429216,-5.07891,2.73369,4463.77
0.336767,-0.330642,0.422637,0.0623444,-0.209476,0.868387,-0.933834,1.67548,0.386815,-5.40142,2.83696,4267.41
0.337447,-0.332725,0.431078,0.0663249,-0.20314,0.823201,-0.937235,1.68589,0.344609,-5.37275,2.85147,4289
0.337995,-0.334761,0.43959,0.0561066,-0.208484,0.871643,-0.939974,1.69607,0.302049,-5.6878,2.95506,4092.29
0.338577,-0.336779,0.448152,0.0595978,-0.20665,0.876709,-0.942884,1.70616,0.259241,-5.83433,3.04882,4004.35
0.339043,-0.33876,0.456662,0.0455061,-0.193226,0.829982,-0.945217,1.71607,0.216688,-5.79125,2.98905,4020.72
0.339333,-0.340647,0.465187,0.0296539,-0.193234,0.872925,-0.946665,1.72551,0.174065,-6.11337,3.08456,3835.5
0.339607,-0.342628,0.473613,0.0267305,-0.193197,0.82176,-0.948036,1.73541,0.131933,-6.0913,3.06309,3869.12
0.339725,-0.344463,0.481996,0.0120514,-0.1879,0.85842,-0.948624,1.74459,0.0900184,-6.38425,3.14789,3698.01
0.339793,-0.346364,0.490434,0.00662958,-0.185314,0.822911,-0.948964,1.75409,0.0478281,-6.41209,3.14005,3696.61
0.339807,-0.348183,0.498794,0.00147705,-0.186298,0.856009,-0.949036,1.76318,0.0060308,-6.74383,3.26323,3536.35
0.339655,-0.349902,0.507013,-0.0148286,-0.167632,0.801572,-0.948276,1.77178,-0.0350654,-6.61661,3.16148,3576.47
0.33945,-0.351565,0.515208,-0.0209747,-0.170349,0.839154,-0.947252,1.78009,-0.0760397,-7.01072,3.30072,3405.33
0.339297,-0.35318,0.523341,-0.0149536,-0.157477,0.793126,-0.946485,1.78817,-0.116703,-6.93152,3.30709,3429.39
0.338928,-0.354715,0.531299,-0.0377747,-0.157126,0.814966,-0.944641,1.79584,-0.156496,-7.25327,3.32376,3295.51
0.338458,-0.356255,0.539069,-0.0458577,-0.150234,0.757702,-0.94229,1.80354,-0.195343,-7.14289,3.2515,3344.66
0.337972,-0.357726,0.546712,-0.0497955,-0.150607,0.782703,-0.939858,1.8109,-0.233561,-7.49268,3.36982,3205.65
0.337481,-0.359224,0.554146,-0.0478399,-0.146104,0.725016,-0.937405,1.81839,-0.270732,-7.37446,3.31856,3259.67
0.336875,-0.360575,0.561302,-0.0620148,-0.138309,0.732733,-0.934377,1.82514,-0.30651,-7.59643,3.33912,3162.21
0.33617,-0.361952,0.568348,-0.0687924,-0.134344,0.687157,-0.93085,1.83203,-0.341741,-7.54177,3.27775,3191.1
0.335429,-0.363242,0.575081,-0.0758606,-0.132043,0.689423,-0.927146,1.83848,-0.375404,-7.75396,3.31774,3111.82
0.334576,-0.364455,0.581643,-0.0831967,-0.118368,0.639962,-0.922881,1.84454,-0.408214,-7.61266,3.23209,3152.47
0.333625,-0.365593,0.587822,-0.0973999,-0.116495,0.632745,-0.918125,1.85023,-0.43911,-7.7722,3.20708,3098.43
0.332506,-0.366634,0.593806,-0.109108,-0.101557,0.58356,-0.912531,1.85544,-0.469029,-7.61161,3.10008,3142.5
0.331357,-0.367529,0.599443,-0.117654,-0.0916229,0.577252,-0.906786,1.85991,-0.497215,-7.72033,3.09743,3091.67
0.330198,-0.368433,0.604804,-0.113023,-0.0881784,0.522792,-0.900992,1.86443,-0.524018,-7.57697,3.04519,3154.05
0.32884,-0.369227,0.609815,-0.139078,-0.0812836,0.51311,-0.894201,1.8684,-0.549073,-7.65493,2.92696,3115.58
0.327547,-0.369927,0.614525,-0.126104,-0.0682111,0.45938,-0.887735,1.8719,-0.572625,-7.4524,2.92755,3182.06
0.325959,-0.370601,0.618988,-0.162653,-0.0690216,0.456982,-0.879793,1.87527,-0.594938,-7.59561,2.75549,3133.58
0.32436,-0.371085,0.623024,-0.163687,-0.0496155,0.413269,-0.871801,1.87769,-0.615118,-7.38464,2.70994,3186.37
0.322739,-0.371566,0.62679,-0.15813,-0.0469389,0.367304,-0.863693,1.8801,-0.633949,-7.27591,2.66239,3240.11
0.320926,-0.371944,0.630205,-0.185632,-0.0387085,0.349738,-0.854629,1.88199,-0.651026,-7.25524,2.50058,3235.72
0.319167,-0.372267,0.633372,-0.171558,-0.0314099,0.308855,-0.845834,1.8836,-0.666861,-7.11822,2.51722,3288.8
0.31729,-0.372435,0.636105,-0.192184,-0.0172607,0.27984,-0.83645,1.88444,-0.680525,-7.0014,2.35797,3316.61
0.315135,-0.372614,0.638416,-0.210193,-0.0174444,0.225353,-0.825673,1.88534,-0.692079,-6.83323,2.19858,3405.49
0.313116,-0.372597,0.640527,-0.20668,0.00176697,0.216199,-0.815581,1.88525,-0.702635,-6.76927,2.20088,3394.56
0.310903,-0.372599,0.6423,-0.215893,-0.000215076,0.172892,-0.804513,1.88526,-0.711499,-6.64945,2.07419,3468.21
0.308683,-0.37253,0.643766,-0.22728,0.00706787,0.150079,-0.793415,1.88492,-0.718828,-6.56313,1.9791,3495.22
0.306338,-0.37224,0.644875,-0.228737,0.0282506,0.108154,-0.781688,1.88347,-0.724373,-6.33747,1.90282,3569.58
0.304008,-0.372013,0.645734,-0.238513,0.0232697,0.0879883,-0.770042,1.88233,-0.728669,-6.32157,1.80975,3597.64
0.301434,-0.371613,0.646165,-0.251096,0.0389637,0.0420096,-0.757168,1.88033,-0.730823,-6.09113,1.68146,3688
0.298882,-0.371169,0.64637,-0.261243,0.0455566,0.0210449,-0.744412,1.87811,-0.73185,-6.01083,1.59331,3723.33
0.296218,-0.370708,0.646219,-0.259876,0.0448667,-0.0147008,-0.731088,1.87581,-0.731097,-5.89301,1.53361,3797.98
0.293496,-0.370081,0.645856,-0.278741,0.064267,-0.0371765,-0.717478,1.87267,-0.729281,-5.73584,1.39881,3843.42
0.290686,-0.369355,0.645198,-0.274022,0.0707456,-0.0642439,-0.703429,1.86905,-0.725988,-5.62522,1.36648,3904.11
0.287789,-0.368586,0.644261,-0.296588,0.0787811,-0.0959473,-0.688947,1.8652,-0.721303,-5.48377,1.20956,3977.02
0.284863,-0.367709,0.643069,-0.285435,0.0855044,-0.116188,-0.674313,1.86081,-0.715346,-5.38397,1.20904,4026.75
0.281827,-0.366764,0.641699,-0.310834,0.0967896,-0.14035,-0.659136,1.85609,-0.708493,-5.25078,1.0455,4088.7
0.278694,-0.365728,0.640117,-0.305551,0.100999,-0.15425,-0.64347,1.85091,-0.700584,-5.17617,1.02686,4129.98
0.275556,-0.364623,0.638268,-0.321295,0.113174,-0.189301,-0.627782,1.84538,-0.691341,-5.00705,0.90077,4221.42
0.272313,-0.363475,0.636294,-0.316351,0.112029,-0.192487,-0.611563,1.83964,-0.681472,-4.97954,0.878958,4241.77
0.268983,-0.362169,0.634066,-0.340948,0.133682,-0.228217,-0.594915,1.83311,-0.670329,-4.77206,0.72487,4340.01
0.265491,-0.360736,0.631696,-0.340538,0.139724,-0.231137,-0.577456,1.82595,-0.658479,-4.72066,0.69098,4363.51
0.262028,-0.359316,0.629208,-0.354639,0.145398,-0.254724,-0.560139,1.81885,-0.646041,-4.60605,0.584561,4438.53
0.258462,-0.357775,0.626697,-0.365131,0.157886,-0.257135,-0.542311,1.81114,-0.633486,-4.52028,0.507237,4464.21
0.254819,-0.35614,0.623879,-0.355248,0.159366,-0.274873,-0.524097,1.80297,-0.619393,-4.43637,0.491075,4529.97
0.251121,-0.354395,0.621006,-0.378705,0.178754,-0.294153,-0.505606,1.79424,-0.60503,-4.286,0.352906,4596.87
0.247387,-0.352598,0.618106,-0.364201,0.17522,-0.282825,-0.486933,1.78526,-0.59053,-4.28583,0.366144,4597.89
0.243587,-0.350783,0.615192,-0.389128,0.185919,-0.298358,-0.467933,1.77618,-0.575961,-4.16673,0.223026,4661.94
0.239698,-0.348802,0.612187,-0.37922,0.193194,-0.293056,-0.448491,1.76628,-0.560937,-4.11113,0.219655,4677.44
0.235782,-0.346784,0.609119,-0.400998,0.206638,-0.314166,-0.428911,1.75619,-0.545596,-3.98078,0.0918542,4754.23
0.231838,-0.344689,0.606004,-0.384635,0.204224,-0.303821,-0.409191,1.74572,-0.53002,-3.96639,0.106766,4759.19
0.227826,-0.342433,0.602779,-0.410803,0.231042,-0.330261,-0.389132,1.73443,-0.513894,-3.77938,-0.0356305,4849.73
0.223721,-0.340145,0.599592,-0.400386,0.223162,-0.310785,-0.368604,1.72299,-0.49796,-3.80359,-0.0386961,4834.89
0.21941,-0.337826,0.596408,-0.441428,0.237463,-0.32605,-0.34705,1.7114,-0.482039,-3.67427,-0.223144,4902.48
0.215089,-0.335306,0.593215,-0.421449,0.24573,-0.311343,-0.325443,1.6988,-0.466077,-3.62904,-0.190825,4899.58
0.210758,-0.332732,0.590046,-0.443427,0.263602,-0.324524,-0.303791,1.68593,-0.450231,-3.50274,-0.318933,4961.77
0.206372,-0.330031,0.586885,-0.427753,0.263434,-0.308332,-0.28186,1.67242,-0.434423,-3.48517,-0.312261,4955.87
0.201966,-0.32731,0.583785,-0.451146,0.278589,-0.317352,-0.259832,1.65882,-0.418927,-3.36988,-0.441063,5008.62
0.197513,-0.324487,0.580637,-0.434345,0.275353,-0.307036,-0.237563,1.6447,-0.403186,-3.3495,-0.430079,5016.06
0.193009,-0.321641,0.577651,-0.461143,0.291434,-0.305817,-0.215046,1.63047,-0.388253,-3.24667,-0.570812,5044.52
0.188478,-0.318737,0.574683,-0.441868,0.283171,-0.2894,-0.192392,1.61595,-0.373416,-3.24962,-0.552784,5038.74
0.183939,-0.315672,0.571816,-0.464838,0.313886,-0.293573,-0.169695,1.60063,-0.359081,-3.09183,-0.68114,5078.52
0.179398,-0.312581,0.569056,-0.442813,0.301441,-0.269212,-0.146992,1.58517,-0.345279,-3.12559,-0.660185,5052.64
0.174709,-0.309456,0.566241,-0.480191,0.319983,-0.288263,-0.123545,1.56955,-0.331204,-2.98289,-0.827934,5125.79
0.170083,-0.306201,0.563597,-0.451105,0.317415,-0.257812,-0.100417,1.55327,-0.317986,-2.98777,-0.782588,5082.83
0.165275,-0.302786,0.560974,-0.492393,0.349756,-0.26861,-0.0763743,1.5362,-0.30487,-2.81977,-0.967909,5137.02
0.160605,-0.299433,0.558469,-0.455421,0.327003,-0.244332,-0.0530251,1.51943,-0.292343,-2.8817,-0.896523,5107.7
0.155784,-0.296023,0.556156,-0.49371,0.349191,-0.236835,-0.0289182,1.50238,-0.280779,-2.75794,-1.0846,5118.15
0.151033,-0.292538,0.553842,-0.486427,0.356827,-0.236926,-0.00516683,1.48496,-0.26921,-2.69425,-1.09194,5142.51
0.146108,-0.288871,0.55167,-0.480352,0.357622,-0.211844,0.0194606,1.46662,-0.258349,-2.67046,-1.14342,5109.73
0.141284,-0.285357,0.549645,-0.49399,0.359857,-0.20733,0.0435812,1.44905,-0.248226,-2.61564,-1.24046,5124.14
0.136375,-0.281551,0.547686,-0.478726,0.371184,-0.191057,0.0681253,1.43002,-0.23843,-2.54663,-1.2496,5108.89
0.131506,-0.277781,0.545917,-0.498602,0.386047,-0.181122,0.0924711,1.41117,-0.229586,-2.46527,-1.37458,5107.48
0.126511,-0.274017,0.544177,-0.48711,0.367039,-0.16973,0.117445,1.39235,-0.220884,-2.48796,-1.38993,5101.94
0.121527,-0.270161,0.542588,-0.510393,0.394888,-0.162744,0.142367,1.37307,-0.212938,-2.34862,-1.5235,5104.21
0.11674,-0.266267,0.541209,-0.466834,0.379746,-0.134487,0.166301,1.3536,-0.206043,-2.38472,-1.45215,5057.76
0.111626,-0.262327,0.539908,-0.523685,0.403445,-0.133228,0.191871,1.3339,-0.199538,-2.25239,-1.70206,5072.7
0.106702,-0.25827,0.538781,-0.480179,0.395653,-0.109823,0.21649,1.31362,-0.193907,-2.25839,-1.61196,5033.1
0.101725,-0.254274,0.537708,-0.509618,0.409167,-0.109943,0.241374,1.29364,-0.188539,-2.15958,-1.77896,5047.95
0.0966538,-0.250275,0.536767,-0.494592,0.389994,-0.0917155,0.266731,1.27364,-0.183837,-2.18976,-1.78855,5017.84
0.0917411,-0.246127,0.535992,-0.503056,0.42482,-0.0794251,0.291294,1.2529,-0.179958,-2.03105,-1.88782,5001.47
0.0867387,-0.241974,0.535353,-0.487852,0.404941,-0.062314,0.316306,1.23214,-0.176764,-2.07297,-1.90856,4972.91
0.0817155,-0.237824,0.534872,-0.514375,0.425024,-0.0492249,0.341422,1.21139,-0.17436,-1.95896,-2.06749,4952.02
0.0766174,-0.233546,0.534429,-0.497187,0.41719,-0.0432478,0.366913,1.19,-0.172143,-1.94506,-2.06466,4945.58
0.071693,-0.229389,0.534202,-0.504259,0.425664,-0.0231995,0.391535,1.16921,-0.17101,-1.87964,-2.17394,4905.19
0.066598,-0.225132,0.533985,-0.496882,0.41512,-0.0211647,0.41701,1.14793,-0.169925,-1.8643,-2.20942,4906.33
0.0616781,-0.220804,0.533947,-0.503799,0.443216,-0.00385742,0.441609,1.12629,-0.169736,-1.73176,-2.31317,4869.22
0.0566676,-0.216562,0.533979,-0.48865,0.413677,0.00312151,0.466662,1.10508,-0.169896,-1.79182,-2.33044,4856.8
0.0517581,-0.212219,0.534211,-0.502727,0.444788,0.0237122,0.491209,1.08336,-0.171054,-1.63977,-2.46766,4810.72
0.0467233,-0.207809,0.5345,-0.491016,0.430049,0.0281692,0.516384,1.06131,-0.172499,-1.65265,-2.49055,4801.64
0.0418126,-0.203465,0.534768,-0.502858,0.444794,0.0274597,0.540937,1.03959,-0.173839,-1.54338,-2.5968,4801.26
0.0367857,-0.199013,0.535277,-0.490241,0.434236,0.0496419,0.566072,1.01733,-0.176384,-1.54678,-2.64287,4747.93
0.0319013,-0.19457,0.535782,-0.500158,0.454927,0.0517395,0.590493,0.995118,-0.178911,-1.42015,-2.74773,4741.9
0.0268938,-0.190061,0.536433,-0.512768,0.461754,0.0666565,0.615531,0.972571,-0.182166,-1.36516,-2.869,4703.46
0.0220878,-0.185734,0.537178,-0.468698,0.421921,0.0726028,0.639561,0.95094,-0.185888,-1.44646,-2.79322,4685.34
0.0172611,-0.181181,0.538022,-0.494253,0.466241,0.0865051,0.663694,0.928174,-0.190112,-1.231,-2.98857,4647.78
0.0123018,-0.176705,0.53882,-0.483659,0.43658,0.0777937,0.688491,0.905791,-0.1941,-1.29308,-2.99419,4661.06
0.00752004,-0.172204,0.539829,-0.489648,0.460896,0.103271,0.7124,0.883286,-0.199143,-1.15477,-3.12714,4594.18
0.00256442,-0.167739,0.540906,-0.483291,0.435371,0.105062,0.737178,0.860965,-0.204529,-1.19792,-3.1749,4583.93
-0.0022056,-0.163195,0.541864,-0.488449,0.465398,0.0981201,0.761028,0.83824,-0.20932,-1.02203,-3.2549,4589.7
-0.00702752,-0.158535,0.543049,-0.470253,0.454365,0.115606,0.785138,0.814945,-0.215247,-1.02762,-3.29243,4538.66
-0.0118734,-0.154058,0.544187,-0.496219,0.458499,0.116449,0.809367,0.792558,-0.220933,-0.949839,-3.46253,4528.77
-0.0166014,-0.149561,0.545381,-0.46109,0.438554,0.116496,0.833007,0.770073,-0.226906,-0.961247,-3.40192,4516.4
-0.0213173,-0.144966,0.546663,-0.482913,0.470575,0.131305,0.856587,0.747096,-0.233317,-0.788005,-3.59581,4471.79
-0.0260546,-0.140428,0.547984,-0.462,0.442547,0.128807,0.880273,0.724407,-0.239921,-0.843015,-3.57989,4466.29
-0.0307629,-0.135913,0.549248,-0.482121,0.462285,0.129449,0.903814,0.701834,-0.246242,-0.699752,-3.73698,4452.26
-0.035496,-0.131212,0.550634,-0.461596,0.458442,0.135085,0.92748,0.67833,-0.253168,-0.665921,-3.7411,4426.03
-0.0402578,-0.126549,0.551924,-0.487602,0.477504,0.132135,0.951289,0.655014,-0.25962,-0.535285,-3.91281,4421.03
-0.0448351,-0.121993,0.553228,-0.446401,0.444382,0.127157,0.974176,0.632231,-0.266139,-0.598703,-3.82138,4417.66
-0.0495303,-0.117306,0.554554,-0.480791,0.479903,0.135754,0.997652,0.608798,-0.272768,-0.394581,-4.05937,4385.72
-0.0541201,-0.112671,0.555918,-0.447617,0.452002,0.133092,1.0206,0.585624,-0.279591,-0.450922,-3.99264,4378.75
-0.0586517,-0.107972,0.557234,-0.464027,0.481255,0.134698,1.04326,0.562126,-0.286168,-0.267818,-4.14925,4362.18
-0.0632276,-0.103357,0.55857,-0.44626,0.45003,0.130342,1.06614,0.539053,-0.292851,-0.331631,-4.1444,4358.31
-0.0676917,-0.098805,0.55998,-0.45713,0.466128,0.144342,1.08846,0.516293,-0.299899,-0.194307,-4.30012,4313.51
-0.0722357,-0.09415,0.561232,-0.443146,0.453969,0.122163,1.11118,0.493018,-0.306162,-0.180865,-4.27067,4351.18
-0.076662,-0.0894726,0.562569,-0.453255,0.478973,0.136865,1.13331,0.469631,-0.312845,-0.0209044,-4.42605,4302.74
-0.0811208,-0.0847766,0.563871,-0.434833,0.457971,0.126965,1.1556,0.446151,-0.319354,-0.0453881,-4.4069,4313.37
-0.0855405,-0.0800842,0.565096,-0.452585,0.480497,0.125452,1.1777,0.422689,-0.32548,0.113839,-4.55401,4303.45
-0.0900057,-0.0753888,0.566283,-0.457234,0.480807,0.121558,1.20003,0.399212,-0.331415,0.16573,-4.625,4300
-0.0944398,-0.0706871,0.567415,-0.432433,0.458535,0.110416,1.2222,0.375703,-0.337076,0.153271,-4.58533,4311.76
-0.0987087,-0.0660623,0.568539,-0.437131,0.473576,0.115076,1.24354,0.352579,-0.342695,0.287438,-4.70297,4289.03
-0.103051,-0.0614157,0.56969,-0.423465,0.453153,0.112276,1.26525,0.329346,-0.348451,0.271286,-4.71878,4284.22
-0.107236,-0.0568063,0.570703,-0.428552,0.471997,0.103741,1.28618,0.3063,-0.353517,0.416111,-4.79571,4292.57
-0.111469,-0.0521894,0.571682,-0.412779,0.450258,0.0954764,1.30734,0.283215,-0.358412,0.391409,-4.78984,4299.01
-0.115634,-0.0475767,0.572692,-0.426578,0.472347,0.103424,1.32817,0.260151,-0.363462,0.552738,-4.93993,4270.99
-0.119773,-0.0429161,0.573552,-0.403593,0.454518,0.0838216,1.34886,0.236848,-0.367759,0.536223,-4.86891,4305.69
-0.123742,-0.0384899,0.574459,-0.406401,0.453239,0.0928955,1.36871,0.214717,-0.372295,0.610403,-4.98642,4274.18
-0.127853,-0.0339422,0.575195,-0.400934,0.443514,0.0717948,1.38926,0.191979,-0.375976,0.635599,-4.97732,4314
-0.131782,-0.0293601,0.575986,-0.402335,0.469207,0.0810059,1.40891,0.169068,-0.379932,0.803095,-5.07754,4283.11
-0.135674,-0.0248375,0.576684,-0.379562,0.441057,0.067999,1.42837,0.146455,-0.383418,0.746299,-5.02594,4305.37
-0.139527,-0.0203189,0.577283,-0.39463,0.462707,0.0614197,1.44764,0.123862,-0.386417,0.903876,-5.13986,4312.34
-0.14338,-0.0157227,0.57783,-0.375674,0.448236,0.0532808,1.4669,0.100881,-0.389149,0.9008,-5.10531,4323
-0.147092,-0.0113554,0.578387,-0.380148,0.447216,0.0570862,1.48546,0.0790447,-0.391936,0.971609,-5.20331,4308.3
-0.150891,-0.0068352,0.578869,-0.370488,0.440825,0.0469389,1.50445,0.0564438,-0.394343,1.00951,-5.19883,4326.01
-0.154555,-0.00246317,0.5793,-0.375229,0.447696,0.044165,1.52278,0.0345837,-0.396499,1.09943,-5.27261,4326.52
-0.158262,0.0019692,0.579738,-0.361444,0.432262,0.0427711,1.54131,0.0124218,-0.398692,1.10369,-5.27624,4324.49
-0.161876,0.0064215,0.579982,-0.370135,0.455915,0.0249207,1.55938,-0.00983971,-0.399909,1.2493,-5.3211,4361.19
-0.165362,0.0108413,0.580339,-0.339929,0.431038,0.0348424,1.57681,-0.0319388,-0.401695,1.21664,-5.29493,4332.49
-0.16896,0.015189,0.58055,-0.36842,0.445205,0.0216309,1.5948,-0.0536774,-0.402751,1.33526,-5.42787,4361.81
-0.172305,0.019435,0.580796,-0.326229,0.414085,0.024013,1.61152,-0.0749073,-0.403982,1.27987,-5.32362,4350.84
-0.175726,0.0238679,0.580883,-0.350308,0.453927,0.00886841,1.62863,-0.0970717,-0.404415,1.49067,-5.44012,4384.5
-0.179026,0.0281733,0.581059,-0.321824,0.41988,0.0171828,1.64513,-0.118599,-0.405296,1.41347,-5.40102,4361.39
-0.182335,0.0324641,0.581108,-0.338887,0.439375,0.0050354,1.66168,-0.140053,-0.405542,1.55397,-5.48919,4389.53
-0.18556,0.036686,0.58123,-0.33019,0.432323,0.012439,1.6778,-0.161162,-0.40615,1.58204,-5.51699,4370.11
-0.188677,0.0409071,0.581191,-0.303978,0.411657,-0.00382487,1.69338,-0.182268,-0.405954,1.56078,-5.43122,4406.33
-0.191776,0.0450807,0.581203,-0.317397,0.427375,0.00126953,1.70888,-0.203135,-0.406016,1.69176,-5.55311,4393.42
-0.194911,0.0493539,0.581081,-0.305702,0.416748,-0.0118931,1.72455,-0.224502,-0.405406,1.69196,-5.50967,4423.68
-0.197885,0.0535178,0.581025,-0.304599,0.426374,-0.00571289,1.73943,-0.245321,-0.405127,1.79559,-5.57257,4409.1
-0.200894,0.0576619,0.580848,-0.293413,0.404153,-0.017334,1.75447,-0.266042,-0.404238,1.75899,-5.54218,4436.76
-0.203902,0.0617836,0.580648,-0.308023,0.422066,-0.0203918,1.76951,-0.28665,-0.403242,1.88869,-5.63061,4444.38
-0.206701,0.0658509,0.580506,-0.273013,0.396658,-0.0139335,1.78351,-0.306987,-0.402528,1.85148,-5.55879,4430.38
-0.209647,0.070075,0.580229,-0.301614,0.432545,-0.0283569,1.79823,-0.328107,-0.401143,2.03344,-5.67207,4466.94
-0.212268,0.074086,0.580023,-0.255625,0.391166,-0.0200253,1.81134,-0.348162,-0.400117,1.93214,-5.5596,4447.05
-0.21507,0.0780508,0.579721,-0.286894,0.405995,-0.0309143,1.82535,-0.367986,-0.398607,2.05107,-5.69572,4476.46
-0.217683,0.0820178,0.579466,-0.254855,0.386878,-0.0249082,1.83842,-0.387821,-0.39733,2.03621,-5.62004,4463.26
-0.220339,0.0859472,0.579167,-0.272009,0.402372,-0.0305786,1.8517,-0.407468,-0.395837,2.14741,-5.71246,4480.5
-0.222838,0.0899716,0.578754,-0.243644,0.392472,-0.0403181,1.86419,-0.42759,-0.39377,2.14655,-5.61077,4503.96
-0.225376,0.0939595,0.578394,-0.259917,0.408366,-0.0368774,1.87688,-0.44753,-0.391969,2.26379,-5.72305,4499.53
-0.227768,0.097814,0.577939,-0.233321,0.375905,-0.0443987,1.88884,-0.466802,-0.389693,2.18583,-5.63087,4519.97
-0.230245,0.101791,0.577431,-0.25361,0.407198,-0.0519959,1.90123,-0.486685,-0.387154,2.35501,-5.72103,4541.56
-0.232525,0.105503,0.576915,-0.222339,0.362008,-0.050322,1.91262,-0.505245,-0.384574,2.23376,-5.63694,4540.59
-0.234809,0.109407,0.576484,-0.233862,0.399824,-0.0441162,1.92404,-0.524768,-0.38242,2.44654,-5.73458,4532.9
-0.236994,0.113123,0.575986,-0.213132,0.362375,-0.0485607,1.93497,-0.543346,-0.37993,2.33872,-5.67,4547.62
-0.239186,0.116848,0.575445,-0.224466,0.381409,-0.0554565,1.94593,-0.56197,-0.377223,2.46528,-5.72382,4568.14
-0.241217,0.12045,0.574947,-0.198087,0.351329,-0.0484735,1.95609,-0.579982,-0.374737,2.40747,-5.67254,4555.96
-0.243189,0.124063,0.574459,-0.201935,0.36992,-0.0499695,1.96595,-0.598045,-0.372297,2.53177,-5.71527,4565.88
-0.245098,0.127736,0.573825,-0.186114,0.358289,-0.0618373,1.97549,-0.616414,-0.369127,2.51252,-5.6478,4597.14
-0.246997,0.131256,0.57333,-0.194484,0.360367,-0.0507141,1.98499,-0.63401,-0.366651,2.5857,-5.7359,4576.65
-0.248881,0.134694,0.572781,-0.19292,0.352127,-0.0562134,1.99441,-0.651204,-0.363906,2.5918,-5.72653,4595.9
-0.250646,0.138187,0.572211,-0.172144,0.340618,-0.0555943,2.00323,-0.668667,-0.361056,2.60361,-5.67962,4598.86
-0.2524,0.141699,0.571563,-0.179639,0.359616,-0.0664185,2.012,-0.686227,-0.357813,2.70262,-5.7019,4629.6
-0.254076,0.145099,0.570913,-0.163374,0.331571,-0.0633719,2.02038,-0.703226,-0.354564,2.64487,-5.67017,4627.03
-0.255755,0.148423,0.570313,-0.171948,0.340396,-0.061438,2.02877,-0.719847,-0.351564,2.73389,-5.72653,4629.97
-0.257312,0.151815,0.569735,-0.151844,0.330776,-0.0563384,2.03656,-0.736806,-0.348675,2.74444,-5.68335,4624.52
-0.258896,0.155135,0.56918,-0.162189,0.339955,-0.0568298,2.04448,-0.753405,-0.3459,2.8202,-5.74024,4632.62
-0.260264,0.158396,0.568554,-0.1334,0.318083,-0.0610758,2.05132,-0.769713,-0.342769,2.77638,-5.64132,4646.99
-0.261652,0.161589,0.567936,-0.142197,0.326974,-0.0632324,2.05826,-0.785679,-0.339682,2.85482,-5.69229,4657.83
-0.262985,0.164694,0.567414,-0.130017,0.302778,-0.0509266,2.06493,-0.801202,-0.337071,2.82485,-5.69268,4635.59
-0.264285,0.167827,0.566857,-0.133121,0.320813,-0.0570251,2.07143,-0.816867,-0.334286,2.92706,-5.70089,4656.9
-0.265574,0.170902,0.566308,-0.12568,0.299876,-0.0535714,2.07787,-0.832241,-0.33154,2.89003,-5.69652,4653.52
-0.266654,0.17394,0.565707,-0.110553,0.311076,-0.061499,2.08327,-0.84743,-0.328537,2.96382,-5.63711,4677.18
-0.267773,0.176949,0.565218,-0.109186,0.293511,-0.0477527,2.08887,-0.862479,-0.326088,2.9564,-5.68923,4651
-0.26887,0.179812,0.564678,-0.112286,0.293115,-0.0552246,2.09435,-0.876791,-0.323392,2.98804,-5.68535,4675
-0.269784,0.182704,0.564272,-0.0891142,0.282025,-0.0396496,2.09892,-0.89125,-0.321359,3.0103,-5.65935,4643.56
-0.270686,0.185563,0.563807,-0.0924133,0.292836,-0.047583,2.10343,-0.905549,-0.319036,3.07404,-5.66572,4668.33
-0.271581,0.188303,0.563358,-0.087257,0.267209,-0.0438,2.1079,-0.919248,-0.31679,3.02361,-5.66606,4662.89
-0.272383,0.190966,0.562972,-0.0821045,0.272696,-0.0395203,2.11191,-0.932564,-0.31486,3.0953,-5.66866,4658.2
-0.273066,0.193688,0.562546,-0.0666068,0.265398,-0.0415446,2.11533,-0.94617,-0.31273,3.09749,-5.62053,4667.12
-0.273737,0.196289,0.562179,-0.0687592,0.266357,-0.0376343,2.11869,-0.959176,-0.310893,3.14288,-5.65173,4662.24
-0.274359,0.198813,0.561836,-0.0606602,0.246168,-0.0334124,2.1218,-0.971797,-0.30918,3.11349,-5.63969,4656.77
-0.274964,0.201299,0.561553,-0.0619659,0.254561,-0.0289978,2.12482,-0.984227,-0.307764,3.19027,-5.66378,4651.03
-0.275531,0.203886,0.561212,-0.0552746,0.25228,-0.0332206,2.12766,-0.997161,-0.306061,3.20231,-5.6333,4664.1
-0.275935,0.20623,0.560968,-0.0413727,0.240083,-0.0250427,2.12968,-1.00888,-0.304838,3.20573,-5.61768,4647.71
-0.27633,0.208624,0.560713,-0.0404419,0.245152,-0.0260803,2.13165,-1.02085,-0.303564,3.25741,-5.6211,4654.06
-0.276702,0.210884,0.560501,-0.0362316,0.220366,-0.0207113,2.13351,-1.03215,-0.302503,3.21042,-5.62596,4643.98
-0.276993,0.213177,0.560314,-0.0298279,0.234795,-0.0190735,2.13496,-1.04362,-0.301571,3.30366,-5.61219,4643.32
-0.277234,0.215397,0.560167,-0.023516,0.216547,-0.0143462,2.13617,-1.05472,-0.300836,3.2706,-5.61046,4634.44
-0.277383,0.217524,0.560003,-0.0152435,0.21777,-0.0167603,2.13691,-1.06535,-0.300017,3.3083,-5.58041,4641.94
-0.277588,0.219618,0.559908,-0.0200224,0.204209,-0.00931803,2.13794,-1.07582,-0.29954,3.30261,-5.62325,4626.41
-0.277641,0.221675,0.559753,-0.00538025,0.210643,-0.0158508,2.1382,-1.08611,-0.298766,3.3467,-5.55335,4643
-0.277593,0.223694,0.55975,0.00461833,0.196869,-0.000313895,2.13797,-1.0962,-0.29875,3.34995,-5.57233,4608.01
-0.277551,0.225538,0.559625,0.00432739,0.188817,-0.0128052,2.13776,-1.10542,-0.298124,3.33378,-5.54239,4638.71
-0.27742,0.227406,0.559677,0.0127796,0.182223,0.00512114,2.1371,-1.11476,-0.298387,3.37277,-5.5635,4597.11
-0.277227,0.229248,0.559712,0.0197327,0.188635,0.00349731,2.13614,-1.12397,-0.298558,3.41808,-5.53625,4603.08
-0.276963,0.231038,0.559717,0.0257539,0.1745,0.000499907,2.13482,-1.13292,-0.298583,3.38695,-5.51144,4608.81
-0.276676,0.232776,0.559742,0.0293701,0.178041,0.00262451,2.13338,-1.14161,-0.298711,3.43457,-5.50612,4603.45
-0.276374,0.234431,0.559736,0.0294596,0.161333,-0.000592913,2.13187,-1.14989,-0.298681,3.39425,-5.49653,4610.47
-0.275973,0.236099,0.559886,0.0411316,0.170839,0.0153259,2.12986,-1.15823,-0.299429,3.48605,-5.49675,4573.85
-0.275553,0.237675,0.560034,0.0409401,0.153705,0.0144508,2.12776,-1.16611,-0.30017,3.44242,-5.49682,4576.6
-0.27505,0.239321,0.560176,0.0515106,0.168576,0.0145874,2.12525,-1.17434,-0.300882,3.52587,-5.4574,4574.68
-0.274485,0.2408,0.560347,0.0551147,0.144257,0.0166481,2.12242,-1.18173,-0.301736,3.46082,-5.45384,4567.98
-0.273915,0.24218,0.560537,0.0583405,0.141316,0.0194336,2.11957,-1.18863,-0.302685,3.49058,-5.44742,4560.23
-0.273303,0.243633,0.560739,0.0597214,0.141661,0.0196998,2.11651,-1.1959,-0.303695,3.515,-5.43993,4557.99
-0.272557,0.244962,0.560926,0.0763184,0.136079,0.0191101,2.11279,-1.20254,-0.304628,3.51433,-5.37765,4556.81
-0.271893,0.246313,0.561032,0.0647699,0.1318,0.010376,2.10947,-1.2093,-0.30516,3.5086,-5.39697,4574.66
-0.270994,0.247512,0.561343,0.0920288,0.122716,0.0318909,2.10497,-1.21529,-0.306717,3.53694,-5.34918,4522.59
-0.270135,0.248664,0.56161,0.0837635,0.112406,0.0260417,2.10068,-1.22105,-0.308052,3.51389,-5.36736,4536.18
-0.269268,0.249841,0.561813,0.0888001,0.120511,0.0207825,2.09634,-1.22694,-0.309067,3.55672,-5.32444,4544.44
-0.268308,0.250969,0.562035,0.098349,0.115495,0.0226501,2.09154,-1.23258,-0.310173,3.5556,-5.29252,4536.83
-0.26728,0.252022,0.562284,0.10022,0.102635,0.0243211,2.0864,-1.23784,-0.31142,3.53519,-5.28668,4530.67
-0.266252,0.252989,0.562509,0.105319,0.0990265,0.0230164,2.08126,-1.24268,-0.312544,3.5436,-5.25693,4531.2
-0.265176,0.253959,0.562777,0.104908,0.0946423,0.0261928,2.07588,-1.24753,-0.313887,3.55255,-5.25935,4521.23
-0.264039,0.254797,0.563034,0.116473,0.0857971,0.0263245,2.07019,-1.25172,-0.315172,3.53877,-5.20917,4518.27
-0.262771,0.255695,0.563271,0.123579,0.0876087,0.0230655,2.06386,-1.25621,-0.316355,3.55917,-5.17152,4522.68
-0.261567,0.256431,0.563513,0.123297,0.0753204,0.0247803,2.05784,-1.25989,-0.317565,3.53226,-5.16949,4515.65
-0.260265,0.257293,0.563758,0.126985,0.0841181,0.0238735,2.05133,-1.2642,-0.318789,3.58169,-5.14028,4515.31
-0.258949,0.258013,0.56398,0.134824,0.0736755,0.0227905,2.04474,-1.2678,-0.319901,3.55095,-5.10004,4514.7
-0.257602,0.25866,0.564194,0.131345,0.0631162,0.0208857,2.03801,-1.27103,-0.320972,3.53028,-5.09761,4516.22
-0.256203,0.259327,0.564446,0.143198,0.0683411,0.0257324,2.03102,-1.27437,-0.322229,3.57422,-5.05267,4502.5
-0.254772,0.259933,0.564698,0.139625,0.0590326,0.0245536,2.02386,-1.2774,-0.323488,3.54762,-5.05315,4503.06
-0.253263,0.260499,0.56487,0.154443,0.0579834,0.0176941,2.01632,-1.28023,-0.324351,3.54721,-4.96774,4515.39
-0.251765,0.261037,0.56509,0.146133,0.0525077,0.0214262,2.00883,-1.28292,-0.32545,3.54653,-4.99823,4503.9
-0.250168,0.261498,0.565284,0.16358,0.0471161,0.0198975,2.00084,-1.28522,-0.326422,3.53638,-4.91225,4505.09
-0.248535,0.261886,0.565486,0.159194,0.0379232,0.019694,1.99268,-1.28716,-0.327431,3.51638,-4.91925,4503.02
-0.246971,0.262338,0.565693,0.160138,0.0462067,0.0211426,1.98486,-1.28942,-0.328464,3.56065,-4.8985,4497.64
-0.245218,0.262557,0.565912,0.170948,0.0214117,0.0213914,1.97609,-1.29052,-0.32956,3.47731,-4.84421,4494.19
-0.243483,0.262806,0.566075,0.177681,0.0254669,0.0167297,1.96742,-1.29176,-0.330377,3.50339,-4.7965,4502.43
-0.24162,0.263024,0.566248,0.181696,0.0213042,0.0168283,1.9581,-1.29285,-0.33124,3.49221,-4.76647,4499.26
-0.239993,0.263317,0.566357,0.166649,0.0299683,0.0111511,1.94996,-1.29432,-0.331784,3.51969,-4.78589,4510.7
-0.237973,0.263488,0.566598,0.196939,0.0167236,0.0235131,1.93987,-1.29517,-0.33299,3.49556,-4.68159,4479.38
-0.236092,0.263589,0.566719,0.192628,0.0102631,0.0124146,1.93046,-1.29568,-0.333596,3.46435,-4.66464,4504.02
-0.234153,0.263672,0.566905,0.189083,0.00808861,0.0181129,1.92077,-1.29609,-0.334525,3.47537,-4.66501,4487.72
-0.232158,0.263694,0.567012,0.204373,0.00232544,0.0109741,1.91079,-1.2962,-0.335061,3.44568,-4.57016,4502.27
-0.230293,0.263815,0.567136,0.190961,0.0123596,0.0126953,1.90146,-1.29681,-0.335681,3.49035,-4.60658,4496.32
-0.228184,0.263647,0.567237,0.205661,-0.0163923,0.00983538,1.89092,-1.29597,-0.336185,3.38124,-4.51721,4500.58
-0.226195,0.263635,0.567354,0.203691,-0.00123596,0.0119995,1.88097,-1.29591,-0.336771,3.45543,-4.51267,4494.35
-0.224144,0.263574,0.567461,0.199948,-0.00594366,0.0103992,1.87072,-1.2956,-0.337304,3.4272,-4.49459,4496.71
-0.222068,0.263391,0.567548,0.212648,-0.0187134,0.00888062,1.86034,-1.29469,-0.337738,3.38304,-4.42098,4498.08
-0.220034,0.2633,0.567651,0.198331,-0.00884719,0.0100795,1.85017,-1.29423,-0.338254,3.42676,-4.45364,4494.39
-0.217856,0.263057,0.567731,0.223,-0.0248932,0.00820923,1.83928,-1.29302,-0.338655,3.36044,-4.33102,4496.65
-0.215661,0.262799,0.567772,0.214072,-0.025161,0.00399344,1.82831,-1.29173,-0.33886,3.36079,-4.33985,4504.99
-0.213546,0.262492,0.567833,0.216643,-0.0314606,0.00620728,1.81773,-1.29019,-0.339163,3.34044,-4.30419,4498.38
-0.211342,0.262243,0.567846,0.214924,-0.0243269,0.00126721,1.80671,-1.28895,-0.339228,3.35717,-4.27223,4509.1
-0.209151,0.261828,0.567906,0.224307,-0.0425079,0.00618286,1.79576,-1.28687,-0.33953,3.29509,-4.22318,4496.21
-0.206923,0.261608,0.567906,0.217314,-0.0214001,2.90644e-05,1.78462,-1.28577,-0.339531,3.36437,-4.20947,4510.51
-0.204684,0.261277,0.567902,0.229298,-0.0338745,-0.000390625,1.77342,-1.28412,-0.339512,3.30502,-4.13651,4509.61
-0.202388,0.260849,0.567891,0.223931,-0.0417422,-0.00106957,1.76194,-1.28198,-0.339457,3.28055,-4.13088,4510.82
-0.200186,0.26051,0.567872,0.225403,-0.0347443,-0.00203247,1.75093,-1.28028,-0.339358,3.30309,-4.09178,4512.73
-0.197811,0.259998,0.567909,0.231657,-0.0499006,0.00365048,1.73906,-1.27772,-0.339545,3.2508,-4.05307,4499.18
-0.195615,0.2595,0.567875,0.224927,-0.0510284,-0.00350952,1.72807,-1.27523,-0.339374,3.23796,-4.03569,4515.78
-0.19329,0.258947,0.567835,0.226663,-0.0539609,-0.00392369,1.71645,-1.27247,-0.339173,3.22176,-3.99535,4515.4
-0.190996,0.258484,0.567775,0.234947,-0.047403,-0.00613403,1.70498,-1.27015,-0.338873,3.23575,-3.93409,4520.33
-0.188653,0.257943,0.567767,0.228526,-0.052778,-0.000790551,1.69326,-1.26745,-0.338833,3.21534,-3.94062,4508.17
-0.18626,0.257288,0.56766,0.244987,-0.0670105,-0.0108826,1.6813,-1.26417,-0.338301,3.14535,-3.83057,4531.1
-0.184012,0.256659,0.567591,0.219282,-0.061381,-0.00674874,1.67006,-1.26103,-0.337955,3.17258,-3.90497,4521.43
-0.181612,0.256035,0.567529,0.245724,-0.0638916,-0.00639648,1.65806,-1.25791,-0.337643,3.15189,-3.76949,4520.98
-0.179244,0.2554,0.56746,0.230954,-0.0618955,-0.00672549,1.64622,-1.25473,-0.337298,3.15121,-3.80319,4522.45
-0.176933,0.254631,0.567329,0.236682,-0.0787262,-0.0134216,1.63466,-1.25089,-0.336643,3.07268,-3.73234,4537.48
-0.174571,0.253897,0.567283,0.241855,-0.0752136,-0.00466309,1.62285,-1.24722,-0.336415,3.09937,-3.70408,4517.48
-0.172202,0.253221,0.567138,0.230986,-0.0658947,-0.0141602,1.61101,-1.24384,-0.335689,3.10321,-3.6931,4540.89
-0.16983,0.25246,0.567087,0.242914,-0.0779938,-0.00524292,1.59915,-1.24003,-0.335433,3.06096,-3.63266,4519.74
-0.167543,0.251719,0.566927,0.223063,-0.0722424,-0.0156076,1.58771,-1.23633,-0.334633,3.06118,-3.65533,4545.37
-0.165134,0.250853,0.566813,0.246686,-0.0886505,-0.0116089,1.57567,-1.232,-0.334066,2.99756,-3.54119,4535.1
-0.162874,0.249978,0.566696,0.220407,-0.085301,-0.0114339,1.56437,-1.22762,-0.33348,3.00732,-3.61224,4536.8
-0.160459,0.249119,0.56656,0.247211,-0.0880356,-0.0139221,1.5523,-1.22333,-0.3328,2.98014,-3.47061,4542.66
-0.158108,0.248234,0.566394,0.229347,-0.0862528,-0.0161656,1.54054,-1.2189,-0.331971,2.97258,-3.51129,4548.79
-0.155785,0.247367,0.56625,0.237834,-0.0887558,-0.0147888,1.52893,-1.21457,-0.331249,2.95307,-3.44362,4546.31
-0.153468,0.246419,0.56603,0.22593,-0.0925366,-0.0214088,1.51734,-1.20983,-0.330152,2.91923,-3.44553,4562.86
-0.151147,0.245468,0.565915,0.237677,-0.0973114,-0.0118103,1.50574,-1.20507,-0.329575,2.9066,-3.38491,4541.49
-0.148855,0.244516,0.565737,0.223599,-0.0928359,-0.0173921,1.49427,-1.20031,-0.328683,2.90234,-3.39732,4556.94
-0.146554,0.243493,0.565518,0.235605,-0.104793,-0.0223389,1.48277,-1.1952,-0.327592,2.8389,-3.31075,4568.22
-0.144198,0.242515,0.56537,0.229757,-0.0953631,-0.0145206,1.47099,-1.19031,-0.326848,2.87534,-3.31869,4551.88
-0.141941,0.241593,0.565143,0.231067,-0.094429,-0.0231628,1.45971,-1.1857,-0.325717,2.84665,-3.26557,4573.78
-0.139534,0.240532,0.564896,0.234753,-0.103444,-0.0241757,1.44767,-1.18039,-0.324478,2.80078,-3.22121,4576.47
-0.137306,0.239584,0.564682,0.228175,-0.0971497,-0.0218323,1.43653,-1.17565,-0.323412,2.8169,-3.21841,4573.23
-0.135063,0.238457,0.564477,0.218749,-0.109862,-0.020066,1.42531,-1.17002,-0.322383,2.7575,-3.21726,4571.46
-0.132786,0.23738,0.564223,0.233192,-0.110332,-0.0259766,1.41393,-1.16463,-0.321114,2.7402,-3.12375,4586.56
-0.130529,0.236159,0.564042,0.220072,-0.119021,-0.0176363,1.40265,-1.15853,-0.32021,2.7067,-3.15865,4569.11
-0.128238,0.235054,0.563797,0.234579,-0.113205,-0.0251038,1.39119,-1.153,-0.318984,2.70491,-3.05965,4588.63
-0.125953,0.233895,0.563593,0.222902,-0.113036,-0.0199207,1.37976,-1.14721,-0.317963,2.69308,-3.08451,4578.05
-0.123659,0.232723,0.563317,0.23485,-0.119971,-0.028241,1.3683,-1.14135,-0.316584,2.64219,-2.99441,4599.1
-0.121485,0.231552,0.563144,0.212031,-0.114194,-0.0168515,1.35743,-1.13549,-0.31572,2.66478,-3.06427,4574.88
-0.119253,0.230324,0.562898,0.228533,-0.125708,-0.0252197,1.34627,-1.12935,-0.314489,2.59425,-2.95287,4596.58
-0.117126,0.229134,0.562663,0.217846,-0.12195,-0.0240112,1.33563,-1.1234,-0.313316,2.5997,-2.97208,4594.83
-0.114959,0.227927,0.562465,0.211283,-0.117712,-0.0193336,1.3248,-1.11736,-0.312325,2.60013,-2.96382,4586.67
-0.112806,0.226654,0.562203,0.22056,-0.130356,-0.0268738,1.31403,-1.111,-0.311013,2.52832,-2.88935,4605.81
-0.110699,0.225429,0.561901,0.205418,-0.119417,-0.0294538,1.3035,-1.10488,-0.309503,2.55228,-2.91252,4613.2
-0.108594,0.224174,0.561711,0.215569,-0.12849,-0.0193726,1.29297,-1.0986,-0.308557,2.51083,-2.85601,4592.17
-0.106624,0.222971,0.56141,0.192167,-0.117308,-0.0294306,1.28312,-1.09259,-0.307048,2.52318,-2.89641,4618.83
-0.10453,0.221667,0.561187,0.214374,-0.133578,-0.0227539,1.27265,-1.08607,-0.305937,2.45356,-2.79164,4604.07
-0.102389,0.220358,0.560999,0.208763,-0.127694,-0.0184152,1.26195,-1.07952,-0.304993,2.46975,-2.80023,4597.6
-0.100384,0.219075,0.560754,0.205316,-0.131305,-0.025061,1.25192,-1.07311,-0.303769,2.42841,-2.77183,4614.86
-0.0984465,0.217692,0.560528,0.18899,-0.134905,-0.022025,1.24223,-1.06619,-0.30264,2.40416,-2.80105,4609.29
-0.0963944,0.216337,0.560351,0.210133,-0.138799,-0.0181702,1.23197,-1.05941,-0.301753,2.3791,-2.69928,4602.53
-0.0943868,0.215034,0.560163,0.195785,-0.127033,-0.0183222,1.22193,-1.0529,-0.300813,2.40174,-2.73168,4605.45
-0.0924331,0.213674,0.559941,0.200059,-0.139218,-0.0226807,1.21217,-1.0461,-0.299706,2.33104,-2.67733,4616.58
-0.0905149,0.212326,0.559736,0.187077,-0.131476,-0.0200079,1.20257,-1.03936,-0.29868,2.34897,-2.7,4612.09
-0.088618,0.210956,0.559468,0.194242,-0.140306,-0.0274841,1.19309,-1.03251,-0.297338,2.28793,-2.63349,4630.93
-0.0866664,0.209599,0.559286,0.19032,-0.132301,-0.017706,1.18333,-1.02573,-0.29643,2.31243,-2.63738,4610.19
-0.0848196,0.208207,0.559081,0.189117,-0.142569,-0.0210022,1.1741,-1.01877,-0.295405,2.25063,-2.60931,4620.57
-0.0829521,0.206666,0.55887,0.182121,-0.15033,-0.0205253,1.16476,-1.01106,-0.294352,2.21191,-2.60707,4620.82
-0.0811125,0.205314,0.558684,0.188379,-0.138367,-0.0190796,1.15556,-1.0043,-0.293421,2.23894,-2.55939,4619.38
-0.0792959,0.203914,0.558485,0.17716,-0.136573,-0.019415,1.14648,-0.997303,-0.292425,2.21778,-2.57478,4622.2
-0.0775318,0.202298,0.55824,0.180643,-0.165515,-0.0250916,1.13766,-0.989221,-0.2912,2.09438,-2.52637,4636.3
-0.0756995,0.200872,0.558133,0.178695,-0.139085,-0.0104864,1.1285,-0.98209,-0.290663,2.19487,-2.52832,4604.85
-0.0739431,0.199319,0.557977,0.179862,-0.158992,-0.0159363,1.11972,-0.974327,-0.289885,2.08614,-2.49252,4620.06
-0.0721806,0.197804,0.557818,0.171879,-0.147714,-0.0155204,1.1109,-0.966753,-0.289089,2.11603,-2.49651,4619.79
-0.0704953,0.196288,0.557707,0.172581,-0.155266,-0.0113342,1.10248,-0.959172,-0.288535,2.06847,-2.47218,4611.48
-0.0687663,0.194713,0.557545,0.177041,-0.161288,-0.0166443,1.09383,-0.951297,-0.287723,2.02702,-2.42861,4624.99
-0.067136,0.193129,0.557431,0.158997,-0.15448,-0.0111142,1.08568,-0.943377,-0.287153,2.03779,-2.47515,4613.27
-0.0654999,0.191602,0.557306,0.167534,-0.156302,-0.0127991,1.0775,-0.935745,-0.286528,2.00538,-2.41236,4618.64
-0.0639242,0.190067,0.557172,0.153674,-0.149716,-0.0130557,1.06962,-0.928069,-0.285859,2.00749,-2.44158,4620.22
-0.062441,0.18851,0.557065,0.151879,-0.15947,-0.0109741,1.0622,-0.920282,-0.285323,1.95296,-2.42208,4616.36
-0.0608909,0.186949,0.557008,0.151165,-0.1522,-0.00549898,1.05445,-0.912479,-0.285041,1.96731,-2.40906,4605.24
-0.0594106,0.185425,0.556884,0.151586,-0.156131,-0.0127563,1.04705,-0.904855,-0.284418,1.92275,-2.37909,4622.84
-0.0579255,0.18386,0.556819,0.144829,-0.15256,-0.00629534,1.03963,-0.897034,-0.284095,1.92278,-2.38975,4608.11
-0.0563861,0.182249,0.556697,0.157639,-0.165016,-0.0125183,1.03193,-0.888976,-0.283484,1.85242,-2.31616,4623.38
-0.054966,0.180587,0.556676,0.138492,-0.162037,-0.00203451,1.02483,-0.880669,-0.28338,1.85815,-2.38016,4599.85
-0.053472,0.178898,0.55665,0.152988,-0.172995,-0.00266724,1.01736,-0.872222,-0.283249,1.797,-2.30025,4602.62
-0.0520832,0.177226,0.556563,0.135443,-0.163003,-0.00849842,1.01042,-0.863865,-0.282814,1.80966,-2.34177,4616.08
-0.05067,0.175434,0.556571,0.14471,-0.183531,0.000799561,1.00335,-0.854903,-0.282853,1.72103,-2.29354,4594.28
-0.049241,0.173776,0.556606,0.139361,-0.161756,0.0034761,0.996205,-0.84661,-0.283031,1.78547,-2.3006,4589.71
-0.0478561,0.172012,0.556595,0.141811,-0.180595,-0.00115967,0.989281,-0.837792,-0.282974,1.68322,-2.26642,4599.87
-0.0465595,0.170175,0.556634,0.126451,-0.17918,0.00378999,0.982798,-0.828605,-0.283169,1.68042,-2.30725,4587.92
-0.0451905,0.168411,0.556716,0.140183,-0.180608,0.00841675,0.975953,-0.819787,-0.28358,1.65547,-2.24006,4577.4
-0.0439804,0.166593,0.556676,0.118014,-0.177274,-0.00387137,0.969902,-0.810698,-0.283381,1.63372,-2.29178,4605.23
-0.0426702,0.164704,0.556749,0.134168,-0.193494,0.00742187,0.963351,-0.80125,-0.283743,1.56308,-2.2219,4577.39
-0.0414258,0.162862,0.556825,0.121362,-0.179638,0.00748117,0.957129,-0.79204,-0.284127,1.59451,-2.25746,4578.44
-0.0401683,0.160959,0.556885,0.128764,-0.194806,0.00615234,0.950842,-0.782528,-0.284427,1.51028,-2.20808,4580.26
-0.0389485,0.15908,0.556965,0.118961,-0.183306,0.00778925,0.944743,-0.77313,-0.284827,1.53468,-2.23128,4575.66
-0.0377878,0.15715,0.557132,0.118858,-0.197589,0.0170471,0.938939,-0.763482,-0.285659,1.46209,-2.22128,4553.74
-0.036644,0.155212,0.557173,0.111544,-0.188995,0.00399344,0.93322,-0.753792,-0.285864,1.46466,-2.21607,4583.09
-0.0354973,0.153314,0.557251,0.117419,-0.194385,0.00797729,0.927487,-0.744301,-0.286253,1.4204,-2.18309,4571.19
-0.0343938,0.151352,0.557436,0.113,-0.200917,0.0189575,0.921969,-0.734491,-0.287179,1.38419,-2.19934,4545.91
-0.0333799,0.149457,0.557569,0.098877,-0.184775,0.013015,0.9169,-0.725017,-0.287846,1.41256,-2.22322,4559.31
-0.0323286,0.147649,0.557641,0.107661,-0.185129,0.00737915,0.911643,-0.715978,-0.288207,1.37452,-2.16693,4569.52
-0.0312427,0.14565,0.557879,0.1059,-0.194955,0.023205,0.906213,-0.705982,-0.289396,1.32731,-2.18241,4531.62
-0.0302727,0.143676,0.55803,0.0993227,-0.202161,0.0154602,0.901364,-0.696111,-0.290151,1.27819,-2.1821,4549.3
-0.0293165,0.141736,0.55824,0.0932552,-0.189141,0.0204264,0.896583,-0.686414,-0.291198,1.30431,-2.19225,4535.02
-0.0283513,0.139835,0.558416,0.0988415,-0.194653,0.0180603,0.891756,-0.67691,-0.29208,1.25161,-2.15549,4538.86
-0.027508,0.137811,0.558728,0.0822327,-0.197481,0.0304129,0.88754,-0.666785,-0.29364,1.22739,-2.2178,4508.5
-0.0266365,0.135889,0.558952,0.0892487,-0.196733,0.0229248,0.883182,-0.657179,-0.294759,1.20181,-2.16501,4524.21
-0.0257642,0.133911,0.559201,0.0850645,-0.192977,0.0242687,0.878821,-0.647285,-0.296003,1.18935,-2.17531,4517.38
-0.0249715,0.131954,0.559465,0.0811754,-0.200363,0.0270691,0.874858,-0.637502,-0.297325,1.13849,-2.17963,4508.62
-0.024302,0.130015,0.559755,0.0652933,-0.189126,0.0282738,0.87151,-0.627805,-0.298775,1.15624,-2.22361,4503.57
-0.0234534,0.12799,0.560081,0.0869005,-0.20728,0.0333862,0.867267,-0.617684,-0.300405,1.06462,-2.13715,4488.8
-0.022653,0.126033,0.560372,0.0780578,-0.190938,0.0283378,0.863265,-0.607895,-0.301858,1.10278,-2.16594,4497.69
-0.0219653,0.12398,0.560679,0.070418,-0.21018,0.0315308,0.859826,-0.597632,-0.303397,1.00296,-2.18258,4486.58
-0.0213507,0.122039,0.56103,0.0599347,-0.18929,0.034232,0.856754,-0.587927,-0.305152,1.06155,-2.20887,4477.73
-0.0206815,0.120117,0.561339,0.0685282,-0.196855,0.031604,0.853408,-0.578315,-0.306695,0.996482,-2.16325,4480.41
-0.0200596,0.118166,0.561606,0.060647,-0.190228,0.0260475,0.850298,-0.568562,-0.308031,0.995551,-2.18278,4489.24
-0.019476,0.116136,0.562003,0.0597641,-0.207918,0.0406372,0.84738,-0.55841,-0.310015,0.912126,-2.1913,4452.32
-0.0189491,0.114135,0.562325,0.0513827,-0.195148,0.0314476,0.844746,-0.548405,-0.311627,0.935822,-2.20254,4471.4
-0.0184018,0.112172,0.562602,0.0560453,-0.200987,0.0282959,0.842009,-0.538591,-0.313009,0.881208,-2.17328,4473.7
-0.0179736,0.110309,0.562837,0.0417622,-0.181687,0.0229143,0.839868,-0.529276,-0.314184,0.922961,-2.21422,4482.5
-0.0175252,0.108368,0.563098,0.0459103,-0.198687,0.0267334,0.837626,-0.519575,-0.315489,0.829733,-2.1915,4470.35
-0.0171455,0.106359,0.563335,0.0370318,-0.195976,0.0231352,0.835728,-0.509527,-0.316675,0.821924,-2.21611,4476.33
-0.0167613,0.10449,0.563578,0.0393425,-0.191371,0.0249084,0.833807,-0.500183,-0.317892,0.811987,-2.20129,4469.23
-0.0165223,0.102515,0.563706,0.0244781,-0.202283,0.0130981,0.832611,-0.490306,-0.318531,0.741399,-2.23778,4493.85
-0.0160581,0.100464,0.563989,0.0452636,-0.199949,0.0275995,0.830291,-0.480054,-0.319946,0.734836,-2.17051,4457.16
-0.0157102,0.0985246,0.564158,0.0356329,-0.198633,0.0172913,0.828551,-0.470355,-0.32079,0.708058,-2.20036,4480.16
-0.0154586,0.0965777,0.56437,0.024532,-0.189875,0.0206531,0.827293,-0.460621,-0.321849,0.712205,-2.2336,4468.93
-0.0151707,0.0945397,0.564531,0.0294801,-0.208692,0.0164795,0.825854,-0.450431,-0.322654,0.614496,-2.20249,4476.6
-0.0149039,0.0925465,0.564694,0.0260206,-0.19438,0.015875,0.82452,-0.440465,-0.323468,0.648191,-2.21448,4475.47
-0.0146329,0.0905944,0.564797,0.0277509,-0.199897,0.0106201,0.823165,-0.430704,-0.323986,0.593016,-2.19811,4485.53
-0.0144561,0.0886302,0.564937,0.0172392,-0.191556,0.0136719,0.822281,-0.420883,-0.324687,0.599414,-2.23666,4476.56
-0.0144165,0.086709,0.565025,0.00406256,-0.196731,0.00899048,0.822082,-0.411277,-0.325126,0.549729,-2.26937,4486.27
-0.0141002,0.0846672,0.565109,0.0308425,-0.199122,0.00812058,0.820501,-0.401068,-0.325543,0.517709,-2.16741,4486.03
-0.014042,0.0827067,0.565149,0.00595999,-0.200761,0.00418091,0.82021,-0.391266,-0.325747,0.486568,-2.26329,4494.18
-0.0139532,0.0807603,0.565194,0.00865709,-0.18982,0.00436547,0.819766,-0.381534,-0.325971,0.49827,-2.23794,4492.42
-0.0138642,0.0788427,0.565214,0.00911799,-0.196362,0.00198975,0.819321,-0.371946,-0.326068,0.443265,-2.2347,4497.23
-0.0138645,0.0769187,0.565191,-3.31515e-05,-0.187634,-0.00217983,0.819323,-0.362326,-0.325956,0.45004,-2.26128,4506.02
-0.0137504,0.0748649,0.565241,0.0116921,-0.210309,0.00505981,0.818752,-0.352057,-0.326203,0.342327,-2.22349,4488.74
-0.013841,0.0729185,0.565204,-0.00883647,-0.189825,-0.00353423,0.819205,-0.342324,-0.326022,0.397736,-2.29072,4509.06
-0.0137209,0.0708442,0.565202,0.0122896,-0.212405,-0.00022583,0.818605,-0.331953,-0.326011,0.282075,-2.2102,4500.03
-0.0137118,0.0689048,0.565146,0.000896272,-0.189133,-0.00549898,0.818559,-0.322256,-0.325729,0.347472,-2.25568,4512.6
-0.0139107,0.0670033,0.564937,-0.0203732,-0.19472,-0.0213989,0.819554,-0.312748,-0.324684,0.28668,-2.30445,4548.47
-0.0138461,0.0650215,0.564988,0.0063017,-0.193271,0.00496419,0.819231,-0.30284,-0.324939,0.272455,-2.23208,4487.64
-0.0140229,0.0631027,0.564864,-0.0181063,-0.196484,-0.0127136,0.820115,-0.293246,-0.324318,0.232716,-2.31082,4531.72
-0.0140842,0.0610465,0.564805,-0.0059819,-0.200524,-0.00572568,0.820421,-0.282965,-0.324024,0.194869,-2.26491,4513.83
-0.0142272,0.0589964,0.564724,-0.0146417,-0.209934,-0.00826416,0.821136,-0.272714,-0.323621,0.13825,-2.29977,4521.24
-0.0144218,0.0571289,0.56454,-0.0189726,-0.182123,-0.0179908,0.822109,-0.263377,-0.322698,0.210686,-2.2999,4543.63
-0.0145665,0.0551052,0.564454,-0.014821,-0.207231,-0.00878906,0.822833,-0.253258,-0.322269,0.0834801,-2.29615,4522.68
-0.0147535,0.0531986,0.564325,-0.0191457,-0.195238,-0.0131836,0.823767,-0.243725,-0.321625,0.114224,-2.30971,4535
-0.0149538,0.0512595,0.564193,-0.0195364,-0.189107,-0.0128406,0.824769,-0.23403,-0.320967,0.100977,-2.31125,4534.68
-0.0153024,0.0493129,0.564033,-0.0356984,-0.199326,-0.0164429,0.826512,-0.224297,-0.320164,0.0371497,-2.36478,4544.21
-0.0155652,0.0473653,0.563865,-0.0256285,-0.189938,-0.0164039,0.827826,-0.214559,-0.319323,0.0489026,-2.32447,4544.91
-0.0159085,0.0453604,0.563706,-0.0351479,-0.205306,-0.016217,0.829542,-0.204534,-0.318531,-0.0346332,-2.36649,4546.08
-0.0162336,0.0434774,0.563614,-0.0317096,-0.183638,-0.00898089,0.831168,-0.195119,-0.318071,0.021887,-2.3613,4531.15
-0.0166289,0.0415102,0.563377,-0.0404833,-0.201443,-0.0242676,0.833145,-0.185283,-0.316886,-0.0765199,-2.37886,4567.92
-0.0169415,0.0396086,0.56319,-0.0304778,-0.18545,-0.0182466,0.834707,-0.175775,-0.315951,-0.0377684,-2.35198,4553.89
-0.0174285,0.0377646,0.563018,-0.0498707,-0.188822,-0.0175781,0.837142,-0.166555,-0.315092,-0.0831992,-2.42846,4555.23
-0.0178918,0.0357873,0.56289,-0.0451875,-0.192838,-0.0125209,0.839459,-0.156669,-0.31445,-0.120675,-2.41209,4545.45
-0.0183123,0.0339002,0.562647,-0.0430584,-0.193236,-0.0248779,0.841562,-0.147233,-0.313236,-0.14361,-2.39785,4575.43
-0.0188207,0.0320919,0.562464,-0.0495753,-0.176355,-0.0178339,0.844103,-0.138192,-0.312321,-0.112241,-2.43578,4559.85
-0.0194558,0.0303265,0.56224,-0.0650349,-0.180779,-0.022937,0.847279,-0.129364,-0.311201,-0.160141,-2.48374,4574.38
-0.0198633,0.0284401,0.562104,-0.0397468,-0.183964,-0.0133115,0.849317,-0.119933,-0.310519,-0.193473,-2.40753,4553.58
-0.0204667,0.0265662,0.561906,-0.0617802,-0.191886,-0.0202942,0.852333,-0.110563,-0.309528,-0.2417,-2.49407,4572.5
-0.0210308,0.0247069,0.561662,-0.055021,-0.18133,-0.023734,0.855154,-0.101267,-0.308311,-0.226085,-2.46088,4580.96
-0.0215498,0.0228385,0.56149,-0.0531452,-0.191323,-0.0175842,0.857749,-0.0919247,-0.307452,-0.290952,-2.4725,4568.64
-0.0223059,0.0210715,0.561315,-0.0737348,-0.172321,-0.0171538,0.86153,-0.0830899,-0.306573,-0.245402,-2.55035,4570.62
-0.0229198,0.019361,0.561153,-0.0628639,-0.175161,-0.0165833,0.864599,-0.0745371,-0.305763,-0.289005,-2.50998,4570.8
-0.0235654,0.0175432,0.560969,-0.0629565,-0.177279,-0.0179443,0.867827,-0.0654481,-0.304843,-0.317805,-2.52336,4575.6
-0.0243982,0.0158063,0.560751,-0.0852854,-0.17786,-0.0222473,0.871991,-0.0567635,-0.303757,-0.34053,-2.60176,4587.09
-0.0250601,0.0139935,0.560658,-0.0645472,-0.176791,-0.00907389,0.8753,-0.0476995,-0.303292,-0.362763,-2.5446,4558.34
-0.0258091,0.0122621,0.560406,-0.0766964,-0.177288,-0.0258118,0.879045,-0.0390429,-0.302031,-0.384554,-2.58442,4599.49
-0.0265918,0.010613,0.56022,-0.0763323,-0.160833,-0.018171,0.882959,-0.0307971,-0.3011,-0.353585,-2.59596,4581.81
-0.0273798,0.00896077,0.560141,-0.0806917,-0.169187,-0.00810547,0.886899,-0.022536,-0.300704,-0.414849,-2.63259,4561.92
-0.0282012,0.00732892,0.559959,-0.0841135,-0.167101,-0.0185852,0.891006,-0.0143768,-0.299796,-0.421725,-2.63703,4588.16
-0.0291812,0.0058106,0.55972,-0.0955702,-0.148072,-0.0233794,0.895906,-0.00678519,-0.298598,-0.379942,-2.67895,4599.19
-0.0300061,0.00421514,0.559586,-0.0844692,-0.163375,-0.0136475,0.90003,0.00119211,-0.297931,-0.464961,-2.65852,4578.38
-0.0308968,0.00259611,0.559469,-0.0868637,-0.157894,-0.0114223,0.904484,0.00928725,-0.297346,-0.458765,-2.68667,4576.32
-0.0318342,0.00103066,0.559331,-0.095998,-0.160302,-0.0141541,0.909171,0.0171145,-0.296655,-0.489963,-2.72332,4584.03
-0.0328149,-0.000459797,0.559171,-0.0956348,-0.145355,-0.0155727,0.914074,0.0245668,-0.295856,-0.458737,-2.72676,4588.1
-0.033817,-0.00199144,0.559043,-0.102616,-0.15684,-0.0131775,0.919085,0.032225,-0.295213,-0.526455,-2.7656,4584
-0.0347843,-0.00340908,0.558888,-0.09434,-0.138254,-0.0151193,0.923922,0.0393132,-0.294438,-0.476309,-2.74326,4589.91
-0.0358145,-0.00494856,0.558686,-0.105494,-0.157643,-0.020636,0.929073,0.0470106,-2.79343,-176.73,15.1421,856.645
-0.0369061,-0.00635396,0.558508,-0.106453,-0.137059,-0.0173456,0.93453,0.0540376,-2.79254,-173.559,28.4286,470.174
-0.037906,-0.00783076,0.558416,-0.102385,-0.151224,-0.00946045,0.93953,0.0614216,-2.79208,-172.933,27.3993,485.703
-0.0389801,-0.00917463,0.558252,-0.10475,-0.13106,-0.0159273,0.9449,0.0681409,-2.79126,-173.308,28.52,472.541
-0.0401124,-0.0106051,0.557965,-0.115951,-0.146475,-0.0294067,0.950562,0.0752931,-2.78983,-171.508,30.625,449.473
-0.0411268,-0.0120529,0.557668,-0.0989296,-0.141199,-0.0289655,0.955634,0.0825322,-2.78834,-171.699,30.103,448.821
-0.0421269,-0.0133266,0.557035,-0.102414,-0.130429,-0.0648132,0.960635,0.0889008,-2.78518,-168.907,36.4849,381.624
-0.0430925,-0.0147003,0.556161,-0.0941678,-0.13397,-0.0852923,0.965463,0.0957695,-2.7808,-165.377,40.3348,346.223
-0.0439985,-0.0160327,0.554993,-0.0927696,-0.136431,-0.119586,0.969992,0.102431,-2.77496,-154.226,48.7322,292.307
-0.0448209,-0.0173867,0.553489,-0.0802067,-0.132051,-0.146641,0.974105,0.109201,-2.76745,-133.634,52.76,256.324
-0.0456525,-0.0187793,0.551596,-0.0851601,-0.142606,-0.193842,0.978263,0.116164,-2.75798,-87.7877,-8.81876,236.833
-0.0465415,-0.0200134,0.549193,-0.0866903,-0.120351,-0.23441,0.982707,0.122335,-2.74596,-44.4183,-53.2514,261.658
-0.047256,-0.0213357,0.54638,-0.0731651,-0.135403,-0.288013,0.98628,0.128946,-2.7319,-17.3442,-40.4114,342.507
-0.0481256,-0.0225987,0.54317,-0.0848065,-0.123177,-0.313075,0.990628,0.135262,-2.71585,-11.7764,-34.627,403.589
-0.048948,-0.0238652,0.539442,-0.0842129,-0.129682,-0.381769,0.99474,0.141594,-2.69721,-7.29633,-24.3484,560.81
-0.0498249,-0.0251284,0.535242,-0.0855204,-0.123192,-0.40954,0.999124,0.14791,-2.67621,-5.99652,-21.2341,643.209
-0.0509022,-0.0263856,0.530447,-0.110317,-0.12874,-0.49104,1.00451,0.154196,-2.65223,-4.48856,-16.4035,853.378
-0.0520655,-0.0275913,0.525089,-0.119122,-0.123466,-0.548608,1.01033,0.160224,-2.62545,-3.6712,-13.9214,1012
-0.0534725,-0.0287104,0.5192,-0.137216,-0.109142,-0.574335,1.01736,0.16582,-2.596,-3.18247,-12.9322,1114.13
-0.054962,-0.0298153,0.512613,-0.152526,-0.113142,-0.674542,1.02481,0.171345,-2.56306,-2.63481,-10.5506,1388.09
-0.0567058,-0.030794,0.505398,-0.170065,-0.0954434,-0.703613,1.03353,0.176238,-2.52699,-2.27271,-9.94727,1504.3
-0.0587956,-0.0317402,0.497454,-0.213994,-0.0968864,-0.813504,1.04398,0.180969,-2.48727,-1.94158,-8.64349,1815.37
-0.061143,-0.0325839,0.488764,-0.228927,-0.082279,-0.847418,1.05572,0.185187,-2.44382,-1.70815,-8.14322,1955.38
-0.0637613,-0.0333195,0.479333,-0.268116,-0.0753254,-0.965738,1.06881,0.188865,-2.39667,-1.43747,-7.22891,2299.56
-0.0666705,-0.0338893,0.469245,-0.283712,-0.0555721,-0.983869,1.08335,0.191714